relative_path,size_bytes,sha256
.env.example,303,5998c932f088632a0fb89178d88de6da4ed8a903c6dad9824b90bd617ce0690a
.gitattributes,323,0423287828b6436ecef4e6e23155572dfc1a8cac04bfab6e4c63c3d48a357cbb
.gitignore,223,0346fcc695695eaa67b083c9c48faba0b2774084472d575d3d1dc36a629c2603
.zenodo.json,967,419151ab17c962ee9a7916f71e0cb0e6ddc0fd30a0b494cd90a101595230e816
AUTHORS.md,313,1714bf89074b3758f5d6348595ef813d300da273e1b507e5074ef1e96618e793
CHANGELOG.md,266,4729924a39fc550cddd13b0a6cfb70a676245aafe9dab6263a42bc0455508853
CITATION.cff,839,21b36d830c1a027aeaccc98ce0dc3e078ca2a9fe9edbbd74571fea457633b25c
LICENSE,1080,23986b31a014b7ab850110e78edb1809f41267bc19aefe0c974a4fab79c83272
OUTPUTS_LICENSE.md,459,4ab963313546cc337e8cc11e1d97376b3be3cdb826247fb4392003e0818f8f3c
PACKAGE_MANIFEST.json,995,9e6048905264c7e1d394dc84a51c476846f98d686a6a9016cc994cb09df4ef23
README.md,4506,9e7ca160105c8bdb813e5b818e4a68b4eca7802b2c3727ab979bda5d4a7e1f98
config/__init__.py,60,6dad1b113ec952c5a37f364fd1c23bdb426a6686a458f384dad3665a8ab197d8
config/paper_assets.py,18980,07049e7a22971fc326e17dd2d4701a7578b2b9239e354b493cdba3c4d78a5b69
config/paths.py,11023,223e184ac4d02816993169dcd5ad812b8867d04805c32ccfd347af4d8569cda2
config/settings.py,14992,02995c49a4ffccdcfd024b9e19c058c7a1f8de3f9a4fcd9e792215e66f2a130a
docs/DATASETS.md,1446,4177a1a5b942b03e556406890538fa7d568b7900de78c4a038c10340b3489ddc
docs/GITHUB_RELEASE_CHECKLIST.md,1060,f13ca7d30ec932f3c9418cdd51ea01bb0bceead45d4e58efa33e6659d3f03b44
docs/OUTPUTS.md,1224,204cb30e1c402a2433ccf05d4da2dfb48722a5a477da9f74287a23d126caccff
docs/REPRODUCIBILITY.md,2041,223fc5b70fd2d7734c8c7bc02582554af1b8035daff4c3db92a57ba980fe9342
environment.yml,336,35e66aa76d3ea49702727e009872f8e16c5dee6c87c7d272a16f2c79ce833c78
outputs/01_stacks/build_stacks.checkpoint.json,2023,9b3714c96a6734d15704f639087cd6269aedd4dd72d1b2412c856b706b2dffae
outputs/01_stacks/metadata/BMA_stack_metadata.json,1067,68be80c7e0645be71858671396f6240bf383c6ea38951d3d371840352812f970
outputs/01_stacks/metadata/PBS_stack_metadata.json,1143,ca880de35b8218d4cb991a33559076a182f79a802934eee918d0bd489c05c393
outputs/01_stacks/metadata/TBF_stack_metadata.json,1101,055c5b9b2b699574590d597cd24f7eb83b1b90c76914ecacaa448f2062ff3628
outputs/01_stacks/metadata/TBI_stack_metadata.json,1060,00263d619b5c285ea2364d2a68cc9c1c17d815a3f9ade8fc614b43b72a2fe677
outputs/01_stacks/metadata/WBC_stack_metadata.json,1029,3e5c80f301ed047a0a2382c1917f770ab02dd3b21f17cdc62cd3edf064724ed8
outputs/02_reference_labels/manifests/build_reference_labels.checkpoint.json,974,6250e505d083f1c591954e0ccbb7180d46e5337fbb0b0c2c0269c3628d2f718e
outputs/02_reference_labels/manifests/label_provenance_disclosure.json,2970,983e83f8422bd9aee6fe48fca9d447344ad2579523cbbaeaacd25cba3e18e4cb
outputs/02_reference_labels/manifests/label_source_manifest.json,100567,0df1ed7b93d1c4a9847e812dfc83f869ca6cf323635c7d065fed838fb099db0c
outputs/02_reference_labels/manifests/label_summary.json,1260,2685fd11244ef7bd636952b82cba8971a7d7632f660cb632b6b62337bbdc1f3a
outputs/02_reference_labels/manifests/loo_voter_disclosure.json,87801,9fe1340bbf667d8434331d3631c8cedd611743e88f833a44a5246a8b98bd82cd
outputs/02_reference_labels/surrogate/BMA_surrogate_labels.npy,432,a243dac0717d77f0ad22b4c6bee0f0906449da769fca5ed3043e925fc8873838
outputs/02_reference_labels/surrogate/PBS_surrogate_labels.npy,744,35047be8f81ce7d9d49ae7b9f228da7296550d890956dcc390e3427c1456e206
outputs/02_reference_labels/surrogate/TBF_surrogate_labels.npy,1584,f2d9764d1e5f83c3257d4e7ac6fb0c8f4f5badafd1d200a1a1d16096818f382d
outputs/02_reference_labels/surrogate/TBI_surrogate_labels.npy,368,d7c30c13b4193e2a5237b958bbb9d734a51155cc5dac67acdc93f98eb0e748aa
outputs/02_reference_labels/surrogate/WBC_surrogate_labels.npy,206312,84b85648b3afe9a6165f94515d63415ef144ed24be422a385318536d709db01e
outputs/03_single_measure_curves/normalized/BMA/absolute_central_moment_2.npy,5072,50675905f9624c7bb8802783dbc729bae66bf26cd954887739c057705ad8a7cb
outputs/03_single_measure_curves/normalized/BMA/absolute_central_moment_4.npy,5072,908ddb629ef1a3f2b531d27e8fed32fb57898f8dd77ca89299828e62ffd6aaf1
outputs/03_single_measure_curves/normalized/BMA/brenner_gradient.npy,5072,48cee9935a3737f4dbd588d4f923591b21b5626318ac48ae994632e5f3930db6
outputs/03_single_measure_curves/normalized/BMA/curvelet_transform_sharpness_index.npy,5072,755f8fc8fb1972f235c32e73110393c44a579658c556147118a219e57d0e2295
outputs/03_single_measure_curves/normalized/BMA/dct_focus_measure.npy,5072,d95002f52357590f4f9d9d675ed502d634b277f8070f3ce2067f49d73bbc9cfd
outputs/03_single_measure_curves/normalized/BMA/energy_of_gradient.npy,5072,cc669e5178d5a939cc5d2055c4024332be318cfb8e31bbe4abfeb9e369f7605a
outputs/03_single_measure_curves/normalized/BMA/fourier_high_frequency_energy_ratio.npy,5072,57848b40044f639b5e776cd158b2616ba1e04f02ecf0a85bba69d72cff0e1d2c
outputs/03_single_measure_curves/normalized/BMA/fourier_transform_sharpness_index.npy,5072,6db434704007fcbbc297becb5f6c2e3931a8dafd0703bb15fd3a847e43be66c2
outputs/03_single_measure_curves/normalized/BMA/glcm_contrast.npy,5072,bb4c2b1c89f7d12faeb2def7e3b43fc73d0a2e7e778d83207c94e358c61dd753
outputs/03_single_measure_curves/normalized/BMA/gradient_squared_energy.npy,5072,cc669e5178d5a939cc5d2055c4024332be318cfb8e31bbe4abfeb9e369f7605a
outputs/03_single_measure_curves/normalized/BMA/histogram_entropy.npy,5072,93085d9c0075a2fb87416c56c57cdcc6506991cd941198cb6e734f4ede9f4b5c
outputs/03_single_measure_curves/normalized/BMA/image_power.npy,5072,64cb5121b85babc33d3b10a170b632203a11d1fd23ceacb3e9136eae3d95a790
outputs/03_single_measure_curves/normalized/BMA/intensity_range_index.npy,5072,6119c798378cf95e9af871ffe840ed0fbf8fb31fb07995fab3a76ac2726ac104
outputs/03_single_measure_curves/normalized/BMA/intensity_skewness_index.npy,5072,cfce0230fdf3d89bb64c8dcdb9e5b46ce740fca6b17450aac468342c8b9e9973
outputs/03_single_measure_curves/normalized/BMA/intensity_variance.npy,5072,50675905f9624c7bb8802783dbc729bae66bf26cd954887739c057705ad8a7cb
outputs/03_single_measure_curves/normalized/BMA/laplacian_energy.npy,5072,26276c3ece8d720ccce98f54e7c61491965b06c28bd49168acbbea91d9d4b6a3
outputs/03_single_measure_curves/normalized/BMA/maximal_intensity.npy,5072,24f36a033034bf27ce5f3fc4c125a523afdaad7095a1a2bb2ce057e6258f2763
outputs/03_single_measure_curves/normalized/BMA/mean_absolute_laplacian.npy,5072,69758aff185462d10fc5ae90b4d9ef971c4b15854ea1f5eb80527a22089ac794
outputs/03_single_measure_curves/normalized/BMA/mean_intensity.npy,5072,ed87af7db8a2c81cbb7fa1403d3709288f6420963cceff433ed0f3addefa5307
outputs/03_single_measure_curves/normalized/BMA/modified_tenengrad.npy,5072,db416589691fd17cf3d6bc4aca727eb2a0a27b034e8ec5d8ce43c92d39db5904
outputs/03_single_measure_curves/normalized/BMA/normalized_variance.npy,5072,c165a94506611a088031ffb08acfd28e2c38a9b6cf1ec520e1ca152f6976949f
outputs/03_single_measure_curves/normalized/BMA/roberts_focus_measure.npy,5072,848f0c5840f8f0fd00cdef5b670924405401f74b01f6c3d580fddf2e860db1eb
outputs/03_single_measure_curves/normalized/BMA/spatial_frequency.npy,5072,79530742f9abb2ecd0bb87b0412ba0f829c2bbd5c90e2861ea20cd0e787cd83f
outputs/03_single_measure_curves/normalized/BMA/squared_gradient.npy,5072,cc669e5178d5a939cc5d2055c4024332be318cfb8e31bbe4abfeb9e369f7605a
outputs/03_single_measure_curves/normalized/BMA/sum_modified_laplacian.npy,5072,47d2794249b5267d251b22db33ebe172ac4178a970d94ff1163afcc26b73224e
outputs/03_single_measure_curves/normalized/BMA/tenengrad.npy,5072,cc669e5178d5a939cc5d2055c4024332be318cfb8e31bbe4abfeb9e369f7605a
outputs/03_single_measure_curves/normalized/BMA/variance_of_gradient.npy,5072,43220ea7b7618941f91fdab9875c58c07decd553055cae5729c917ffa3706477
outputs/03_single_measure_curves/normalized/BMA/variance_of_laplacian.npy,5072,bb8a1d43f5473d1aa5813e6de73101edc43bc0cf1a9fb17e445a01c47456fb0c
outputs/03_single_measure_curves/normalized/BMA/wavelet_detail_energy_db1.npy,5072,755f8fc8fb1972f235c32e73110393c44a579658c556147118a219e57d0e2295
outputs/03_single_measure_curves/normalized/BMA/wavelet_w1.npy,5072,ab232b2910a345fbaa737ef76bba368bf24738f7ddc93a172189980a03960b86
outputs/03_single_measure_curves/normalized/BMA/wavelet_w2.npy,5072,ab232b2910a345fbaa737ef76bba368bf24738f7ddc93a172189980a03960b86
outputs/03_single_measure_curves/normalized/BMA/wavelet_w3.npy,5072,ab232b2910a345fbaa737ef76bba368bf24738f7ddc93a172189980a03960b86
outputs/03_single_measure_curves/normalized/PBS/absolute_central_moment_2.npy,12059,b19cc689059720bbbbf351ca1a6fdf3e781bd25f8cffb8e5a1d152ebc20e3185
outputs/03_single_measure_curves/normalized/PBS/absolute_central_moment_4.npy,12059,804e980f6ed1bfa523bc83c1e49466adfe6e8c0056b35ccef53c57b2c5d1e74a
outputs/03_single_measure_curves/normalized/PBS/brenner_gradient.npy,12059,16813179d0533470ec326b16bd6bd848d3d8a17c42f5f7bd5dba3dc4b4eec53c
outputs/03_single_measure_curves/normalized/PBS/curvelet_transform_sharpness_index.npy,12059,38d67c576597014eed37205cf68d1c1c8744903eb65898e086da6ca2c865a776
outputs/03_single_measure_curves/normalized/PBS/dct_focus_measure.npy,12059,b94edb3d6295f3c5d874a50aebb9126466c63f2cb9d715a575622381fbdcdad2
outputs/03_single_measure_curves/normalized/PBS/energy_of_gradient.npy,12059,f34f4260a594f00118f763144607cad2b1ed8700ad00b48457a8461c5ebce999
outputs/03_single_measure_curves/normalized/PBS/fourier_high_frequency_energy_ratio.npy,12059,b6e4dc45d00af58af1a2d651c221cfe9ed524f2db031d0669122ac2518293295
outputs/03_single_measure_curves/normalized/PBS/fourier_transform_sharpness_index.npy,12059,dd60273d4c971b9ece590d2467b8fd6de2152af35cc0fb926969ed45f1e6c912
outputs/03_single_measure_curves/normalized/PBS/glcm_contrast.npy,12059,9f27ce8196b36d38b5574d76f90014cbb4cdd5f630d5c9be2f4bdd84a2264ce4
outputs/03_single_measure_curves/normalized/PBS/gradient_squared_energy.npy,12059,f34f4260a594f00118f763144607cad2b1ed8700ad00b48457a8461c5ebce999
outputs/03_single_measure_curves/normalized/PBS/histogram_entropy.npy,12059,7dd86d5ee3a12c004ead9019859caf3768584887d6f483cc54c54e634f4690e0
outputs/03_single_measure_curves/normalized/PBS/image_power.npy,12059,6eb4248c94305a834e6d43b31116035b3681b7d73166208bf227495be748db7c
outputs/03_single_measure_curves/normalized/PBS/intensity_range_index.npy,12059,376123441145194b83bbe9054745886ace43daa8e46988c3f9bbad7696481560
outputs/03_single_measure_curves/normalized/PBS/intensity_skewness_index.npy,12059,cf709f4c5d572de1b7e17f29c1905e16c350145d9ee75c1a43e8504c4a370fe5
outputs/03_single_measure_curves/normalized/PBS/intensity_variance.npy,12059,b19cc689059720bbbbf351ca1a6fdf3e781bd25f8cffb8e5a1d152ebc20e3185
outputs/03_single_measure_curves/normalized/PBS/laplacian_energy.npy,12059,7b0d548a541714cfbd19dbef5ef91ad5735adbf32c82e17d5db5d65c7fdaa25f
outputs/03_single_measure_curves/normalized/PBS/maximal_intensity.npy,12059,d110913d1928573bef50cdf6c0272d25a281eb5e14d84ba5614804546ecc0468
outputs/03_single_measure_curves/normalized/PBS/mean_absolute_laplacian.npy,12059,103fd429c879bb93d5fdfe40c131782f9fe47232714c5591ef70597b04272aac
outputs/03_single_measure_curves/normalized/PBS/mean_intensity.npy,12059,58691181206695cf1b69bf431f5475fde7fcea7520a8655971f1273c7171ecdb
outputs/03_single_measure_curves/normalized/PBS/modified_tenengrad.npy,12059,67782b90973e5d54f74c4eb422b3d8d6bb8c64b6a7c17318c784bf51621d96f8
outputs/03_single_measure_curves/normalized/PBS/normalized_variance.npy,12059,7a9019e157bb7cba6a05911e56c4fad9267178e6c47fc417c871d53d29efa811
outputs/03_single_measure_curves/normalized/PBS/roberts_focus_measure.npy,12059,33b31d68d14ad96506ca634e29f1f940cbd8a31576502019c8fc8cbfc11b80ce
outputs/03_single_measure_curves/normalized/PBS/spatial_frequency.npy,12059,4880203b07897f090500e55b5f6ca02330921812a1f2a285cbc26aba6985f499
outputs/03_single_measure_curves/normalized/PBS/squared_gradient.npy,12059,f34f4260a594f00118f763144607cad2b1ed8700ad00b48457a8461c5ebce999
outputs/03_single_measure_curves/normalized/PBS/sum_modified_laplacian.npy,12059,0e9c9d3a0cc61e11aed27deef2794c2167b6f0dda3234cf98342f52013a3d404
outputs/03_single_measure_curves/normalized/PBS/tenengrad.npy,12059,f34f4260a594f00118f763144607cad2b1ed8700ad00b48457a8461c5ebce999
outputs/03_single_measure_curves/normalized/PBS/variance_of_gradient.npy,12059,5ada5533d36597543ac23395f1fda464e8c9300dd85822c04c2e4ead3809b37f
outputs/03_single_measure_curves/normalized/PBS/variance_of_laplacian.npy,12059,5a74d589c8605b9eff1349043eac154e8fc043516e3c3fc44302bcb0c44735ab
outputs/03_single_measure_curves/normalized/PBS/wavelet_detail_energy_db1.npy,12059,38d67c576597014eed37205cf68d1c1c8744903eb65898e086da6ca2c865a776
outputs/03_single_measure_curves/normalized/PBS/wavelet_w1.npy,12059,b6939f4bcedf782249cb3686e839ce823e2d493bce3bbf714ae6b16a132164d6
outputs/03_single_measure_curves/normalized/PBS/wavelet_w2.npy,12059,b6939f4bcedf782249cb3686e839ce823e2d493bce3bbf714ae6b16a132164d6
outputs/03_single_measure_curves/normalized/PBS/wavelet_w3.npy,12059,b6939f4bcedf782249cb3686e839ce823e2d493bce3bbf714ae6b16a132164d6
outputs/03_single_measure_curves/normalized/TBF/absolute_central_moment_2.npy,23220,06a554bf085cad78a7d6fc67c65f3d56711f627788c153ced9cf23dcc0fd063d
outputs/03_single_measure_curves/normalized/TBF/absolute_central_moment_4.npy,23220,56a405df1cc31925534c389544e474ef20a5fdedc0c8bd0e8f2513b96de03aa4
outputs/03_single_measure_curves/normalized/TBF/brenner_gradient.npy,23220,adfb858774e0fbc2f98bdbe766dda0a47d698b87405942b659c32b36e5b2cf07
outputs/03_single_measure_curves/normalized/TBF/curvelet_transform_sharpness_index.npy,23220,21afb858501356d467e19b7719edbe2a40a87758f649bc729af3e6df388d07cc
outputs/03_single_measure_curves/normalized/TBF/dct_focus_measure.npy,23220,a02c93c972fe7e4c34ecdf6a3310c4b2dc05c1e09c11194f48d886081465d3c5
outputs/03_single_measure_curves/normalized/TBF/energy_of_gradient.npy,23220,45ace84de3a3ffdd65f4a526bd43d10abc4bfaeff0f79648e81934f31679292e
outputs/03_single_measure_curves/normalized/TBF/fourier_high_frequency_energy_ratio.npy,23220,20134a6d7da3020865d5be09ee3f74b7a567ac526b8245ee084df951533cd640
outputs/03_single_measure_curves/normalized/TBF/fourier_transform_sharpness_index.npy,23220,b612fe44db25eb7cc63b7b64a0387722ab438f1ffd926286de71616fb87890ec
outputs/03_single_measure_curves/normalized/TBF/glcm_contrast.npy,23220,453219c975e72c0319f7556a77345ac5b219b5b5cf12d34ab4397e4d537e6c11
outputs/03_single_measure_curves/normalized/TBF/gradient_squared_energy.npy,23220,45ace84de3a3ffdd65f4a526bd43d10abc4bfaeff0f79648e81934f31679292e
outputs/03_single_measure_curves/normalized/TBF/histogram_entropy.npy,23220,ba98ac1345a9340c245671257d71f1e0a28f32b91b7476c289cc73dc0b7bf152
outputs/03_single_measure_curves/normalized/TBF/image_power.npy,23220,283a0ed2f97ee040f46237bb272a6610fc13caf95697a595768fa00dbad63b48
outputs/03_single_measure_curves/normalized/TBF/intensity_range_index.npy,23220,6469391918679965afe7191f0448497f62cb7e0ca70dd19fbbc7c54c010b41f2
outputs/03_single_measure_curves/normalized/TBF/intensity_skewness_index.npy,23220,d9127c8d45637db7fefe2a313c9fdb5570fd46964f16e1f21d4bc5af295a7f98
outputs/03_single_measure_curves/normalized/TBF/intensity_variance.npy,23220,06a554bf085cad78a7d6fc67c65f3d56711f627788c153ced9cf23dcc0fd063d
outputs/03_single_measure_curves/normalized/TBF/laplacian_energy.npy,23220,d0ba8833ef9616b0733d4db87cbd8a3428dce2758b86fbcfcfc6fefa5b22a112
outputs/03_single_measure_curves/normalized/TBF/maximal_intensity.npy,23220,82249c061f414da4a7bffe71adacd5b4172dfb03e8b9f1185ebfc56e5d7bcea3
outputs/03_single_measure_curves/normalized/TBF/mean_absolute_laplacian.npy,23220,e53ec1830ec38308d3075c5946bd70d0c93b98b0f05c7a79344e23fc3427e44b
outputs/03_single_measure_curves/normalized/TBF/mean_intensity.npy,23220,594b61029d440e7d75b814c498cd22165909908bee3527ade25bb66490bfcad0
outputs/03_single_measure_curves/normalized/TBF/modified_tenengrad.npy,23220,f5bfb4cea891bb7f173179b0ab09195c2ef6a5b16c85fe5d0cad95e1032b7c75
outputs/03_single_measure_curves/normalized/TBF/normalized_variance.npy,23220,4ad467a30acfd52827b4f12c6323f1f46cf598b580c56df983a3b1392ee36fad
outputs/03_single_measure_curves/normalized/TBF/roberts_focus_measure.npy,23220,ff1e59b6845e6934a15eb0f3bdfd2ec9b01b6642fab46aea79be50f764a245e0
outputs/03_single_measure_curves/normalized/TBF/spatial_frequency.npy,23220,63237c28643e982ab7ad4c5113a522e37817e520688dd7675c7bccba34f9e298
outputs/03_single_measure_curves/normalized/TBF/squared_gradient.npy,23220,45ace84de3a3ffdd65f4a526bd43d10abc4bfaeff0f79648e81934f31679292e
outputs/03_single_measure_curves/normalized/TBF/sum_modified_laplacian.npy,23220,bbbeca6da1d5db96a59a98f42dfe1da0a4527ca911e5ff8ba0891289236ead7d
outputs/03_single_measure_curves/normalized/TBF/tenengrad.npy,23220,45ace84de3a3ffdd65f4a526bd43d10abc4bfaeff0f79648e81934f31679292e
outputs/03_single_measure_curves/normalized/TBF/variance_of_gradient.npy,23220,85e3c9f39d5c536c44fbcc5b610263e3a1919a7daeaa42d04335209418840849
outputs/03_single_measure_curves/normalized/TBF/variance_of_laplacian.npy,23220,7a14bfa9e325aa5ac807c72580b6d11c47fa0b620518ef49c3d39f0115470a4d
outputs/03_single_measure_curves/normalized/TBF/wavelet_detail_energy_db1.npy,23220,21afb858501356d467e19b7719edbe2a40a87758f649bc729af3e6df388d07cc
outputs/03_single_measure_curves/normalized/TBF/wavelet_w1.npy,23220,6c47a2c2a91f6a4c4e64f9eb4c93dc3070e34fd3ff11342806a15c668e08ffdc
outputs/03_single_measure_curves/normalized/TBF/wavelet_w2.npy,23220,6c47a2c2a91f6a4c4e64f9eb4c93dc3070e34fd3ff11342806a15c668e08ffdc
outputs/03_single_measure_curves/normalized/TBF/wavelet_w3.npy,23220,6c47a2c2a91f6a4c4e64f9eb4c93dc3070e34fd3ff11342806a15c668e08ffdc
outputs/03_single_measure_curves/normalized/TBI/absolute_central_moment_2.npy,2984,9a4f5ce59054a578a40ae16a43dff25612ae3a3f06102d15ed09063d4c7798e6
outputs/03_single_measure_curves/normalized/TBI/absolute_central_moment_4.npy,2984,b62278ff80ededb6f1adcf10d135ad224146aaa42499b46597036fc7bcdae211
outputs/03_single_measure_curves/normalized/TBI/brenner_gradient.npy,2984,8166c8a21e643fbba11f3cbfd791eb5a09d804edcbd194b3fbfb6cc6b6193f23
outputs/03_single_measure_curves/normalized/TBI/curvelet_transform_sharpness_index.npy,2984,a3d76ddcdcedf204a48b52b5a377fcfeafc977212e45722a064edd68baec79b5
outputs/03_single_measure_curves/normalized/TBI/dct_focus_measure.npy,2984,c4414318ddac54817da2d2357adc03b96fc298d4a6601f923e2a242f582cc0f6
outputs/03_single_measure_curves/normalized/TBI/energy_of_gradient.npy,2984,206356b94d31a8675f402d86deca8b8ed2d450e98970f837b74e62a3e2047c29
outputs/03_single_measure_curves/normalized/TBI/fourier_high_frequency_energy_ratio.npy,2984,a2f54c080a233a6de5619fdb91924d0d7f24d4254cb138dd0dfbade1f79cd826
outputs/03_single_measure_curves/normalized/TBI/fourier_transform_sharpness_index.npy,2984,96140d480bc4460c616845583450bf821c1ba58870a816fe9cef32e1b60e2f36
outputs/03_single_measure_curves/normalized/TBI/glcm_contrast.npy,2984,77dbfe573b960c2acf803917e675d0b470ec696cc3ea698fe878518ef5c6d429
outputs/03_single_measure_curves/normalized/TBI/gradient_squared_energy.npy,2984,206356b94d31a8675f402d86deca8b8ed2d450e98970f837b74e62a3e2047c29
outputs/03_single_measure_curves/normalized/TBI/histogram_entropy.npy,2984,aa5ef5af0024d5a513a9dc3d986d2972c04482fe9bac3280576bf230438e0ec0
outputs/03_single_measure_curves/normalized/TBI/image_power.npy,2984,c1abfc3e98355895f794ca15f8595eaa7fe54c8ebd0bfff9ce8e20d5bd42e025
outputs/03_single_measure_curves/normalized/TBI/intensity_range_index.npy,2984,0039f2aae07412da8999366e8230f3473271decc27ddc667dd4a2a20146f0201
outputs/03_single_measure_curves/normalized/TBI/intensity_skewness_index.npy,2984,28d64385d7947876dd9971a1e87d494c993f89bf048de01992cf3851f251f32b
outputs/03_single_measure_curves/normalized/TBI/intensity_variance.npy,2984,9a4f5ce59054a578a40ae16a43dff25612ae3a3f06102d15ed09063d4c7798e6
outputs/03_single_measure_curves/normalized/TBI/laplacian_energy.npy,2984,403033dee2df3f499e9828edb426dc511d2f06e14fdbf06be59a9c651d7f300e
outputs/03_single_measure_curves/normalized/TBI/maximal_intensity.npy,2984,0bde99003c420d56b40797e24c333341973102225f104d01eb205b9996c664c4
outputs/03_single_measure_curves/normalized/TBI/mean_absolute_laplacian.npy,2984,441196e00b551a1a9f85831157c61eb8cb859c6a085defac9a9a0513d5917452
outputs/03_single_measure_curves/normalized/TBI/mean_intensity.npy,2984,b09ece5c1321ae3644df5bd362bce43e291da9e3e9f175c5b6fd57629ebc12eb
outputs/03_single_measure_curves/normalized/TBI/modified_tenengrad.npy,2984,2ac3647990674876c5f04cbd075d6e686cd892fe7f5a606dffcbb2d726fd12b9
outputs/03_single_measure_curves/normalized/TBI/normalized_variance.npy,2984,2ceeb575cd4b623d1a14d4d81ae45908de231304eb586f945b79baf4f5fa3c56
outputs/03_single_measure_curves/normalized/TBI/roberts_focus_measure.npy,2984,3ab8c1c29ea3a0982972b50923fad5ce66082ba48a45d970e6aaa64d9a3ccebe
outputs/03_single_measure_curves/normalized/TBI/spatial_frequency.npy,2984,ab6ad34d30dcbc363a6d2b69eba499a060437ccd6fb352e2f5c38e685daba976
outputs/03_single_measure_curves/normalized/TBI/squared_gradient.npy,2984,206356b94d31a8675f402d86deca8b8ed2d450e98970f837b74e62a3e2047c29
outputs/03_single_measure_curves/normalized/TBI/sum_modified_laplacian.npy,2984,e59a214eb3c1d450e504342b96e6e45a3be59125dfa4f86f67b5257a066b98d2
outputs/03_single_measure_curves/normalized/TBI/tenengrad.npy,2984,206356b94d31a8675f402d86deca8b8ed2d450e98970f837b74e62a3e2047c29
outputs/03_single_measure_curves/normalized/TBI/variance_of_gradient.npy,2984,19d2543c66f140f630b146a59f86b6ad1a14b7c48639f38a28846be2cafccd6a
outputs/03_single_measure_curves/normalized/TBI/variance_of_laplacian.npy,2984,036e3a4f81520536ef16e1d118305bcc5d7e7aa351bd2e381a87102fde75f5cc
outputs/03_single_measure_curves/normalized/TBI/wavelet_detail_energy_db1.npy,2984,a3d76ddcdcedf204a48b52b5a377fcfeafc977212e45722a064edd68baec79b5
outputs/03_single_measure_curves/normalized/TBI/wavelet_w1.npy,2984,cb4e62dca455d5152a49c588e0ac432d50b5f71f213cf2ca5850408b5011543e
outputs/03_single_measure_curves/normalized/TBI/wavelet_w2.npy,2984,cb4e62dca455d5152a49c588e0ac432d50b5f71f213cf2ca5850408b5011543e
outputs/03_single_measure_curves/normalized/TBI/wavelet_w3.npy,2984,cb4e62dca455d5152a49c588e0ac432d50b5f71f213cf2ca5850408b5011543e
outputs/03_single_measure_curves/normalized/WBC/absolute_central_moment_2.npy,2320369,5eb65a7862e367a6028d51bafd1363cfdefc6ac23536075f01137e240a25bd0d
outputs/03_single_measure_curves/normalized/WBC/absolute_central_moment_4.npy,2320369,878a0882ea397fb0254767a03b39145913002b713dc5bf2b549e123514ebb2b9
outputs/03_single_measure_curves/normalized/WBC/brenner_gradient.npy,2320369,badfe628bd927fdec340c54dde415186c5ee89379b7a9dd990fc7ba5735e4189
outputs/03_single_measure_curves/normalized/WBC/curvelet_transform_sharpness_index.npy,2320369,cc774e5a24d5cde3987d5aaacb6437bd9f06a16b08c2a927b0beb52ca81f4b04
outputs/03_single_measure_curves/normalized/WBC/dct_focus_measure.npy,2320369,3332ce4cddce6405f6036323167b10d3e6ac7345021df57a6911b55a35b53cc3
outputs/03_single_measure_curves/normalized/WBC/energy_of_gradient.npy,2320369,cc19db034d2f644f8685e4aea2d22d1321a990c55b14c37de9e6e00cce3f94e4
outputs/03_single_measure_curves/normalized/WBC/fourier_high_frequency_energy_ratio.npy,2320369,428bf661613d4a1fd5f9bf17c1b5c77163cf5daf7c39e4f15175f1f853bece2f
outputs/03_single_measure_curves/normalized/WBC/fourier_transform_sharpness_index.npy,2320369,4d4432e3cf1aa832dd9a86c5ed1093f408c31f77a63f941b9bc1b898b4383560
outputs/03_single_measure_curves/normalized/WBC/glcm_contrast.npy,2320369,7f91e2e87b92b97db117ab759b3b5bc7228b3aa32b92c588fff0af20f0f6bbee
outputs/03_single_measure_curves/normalized/WBC/gradient_squared_energy.npy,2320369,cc19db034d2f644f8685e4aea2d22d1321a990c55b14c37de9e6e00cce3f94e4
outputs/03_single_measure_curves/normalized/WBC/histogram_entropy.npy,2320369,913b2a7eef0491c44d1efe699e8b1d0729c6f61764b1193223a93ecd1444e1de
outputs/03_single_measure_curves/normalized/WBC/image_power.npy,2320369,0ad89a833710c23897b6deb30aedc6f88ef1ea3e6f3facad4bee93642e9343da
outputs/03_single_measure_curves/normalized/WBC/intensity_range_index.npy,2320369,c29130a1154390725896d0ba68fcf267c749b6b314e09ec459364a5036790d8f
outputs/03_single_measure_curves/normalized/WBC/intensity_skewness_index.npy,2320369,bfb7f0ab5a9e8367f3f45ae9c104270bba5fc22b67f43ecd815115f9b24fb8d9
outputs/03_single_measure_curves/normalized/WBC/intensity_variance.npy,2320369,5eb65a7862e367a6028d51bafd1363cfdefc6ac23536075f01137e240a25bd0d
outputs/03_single_measure_curves/normalized/WBC/laplacian_energy.npy,2320369,cbeb0b64e925c4c18a2f0bd31656339f799cec510463f6f6d05c8e410f9fd10e
outputs/03_single_measure_curves/normalized/WBC/maximal_intensity.npy,2320369,00324e07eb8b763eb54892e15be4a214d268fcfb8dad0e6d2e64fe46ee32356c
outputs/03_single_measure_curves/normalized/WBC/mean_absolute_laplacian.npy,2320369,ee5e218ff6fc41508b3b8f391dd83d6c28a20a384476dfb3ee2304a8e1aba01b
outputs/03_single_measure_curves/normalized/WBC/mean_intensity.npy,2320369,f6968c5193c6086612287045c922551cb50211cc0e5a1e65b80c11abaabfa05e
outputs/03_single_measure_curves/normalized/WBC/modified_tenengrad.npy,2320369,66d54bc47bd96136d83989e8296c97039c426e636732eb5778f17052855d9d87
outputs/03_single_measure_curves/normalized/WBC/normalized_variance.npy,2320369,770ddf8758e113e330c631c0b23a343fd771de13f1843fcd8f696334ff72f9eb
outputs/03_single_measure_curves/normalized/WBC/roberts_focus_measure.npy,2320369,4414a7e31d1365f8d0a8c01dd2a1cb70704412a75fbb06613c1c205b08d04354
outputs/03_single_measure_curves/normalized/WBC/spatial_frequency.npy,2320369,b17e3e98a841a5c287499b6f18a85a9394147f1332c18bf3d93f572e974c3cba
outputs/03_single_measure_curves/normalized/WBC/squared_gradient.npy,2320369,cc19db034d2f644f8685e4aea2d22d1321a990c55b14c37de9e6e00cce3f94e4
outputs/03_single_measure_curves/normalized/WBC/sum_modified_laplacian.npy,2320369,362400b60b87fc34158bc39b41409af850b8b91a48dcdc605565ef12ce5a33a0
outputs/03_single_measure_curves/normalized/WBC/tenengrad.npy,2320369,cc19db034d2f644f8685e4aea2d22d1321a990c55b14c37de9e6e00cce3f94e4
outputs/03_single_measure_curves/normalized/WBC/variance_of_gradient.npy,2320369,fc26635316c38f5d6ba51e64f82e80d0cf9f0679623aa0bf4383460660c08bbd
outputs/03_single_measure_curves/normalized/WBC/variance_of_laplacian.npy,2320369,1d907f0925d6c1db2543609b5f4c36d2449c7d55b695f61179720d970c377ac2
outputs/03_single_measure_curves/normalized/WBC/wavelet_detail_energy_db1.npy,2320369,cc774e5a24d5cde3987d5aaacb6437bd9f06a16b08c2a927b0beb52ca81f4b04
outputs/03_single_measure_curves/normalized/WBC/wavelet_w1.npy,2320369,75e9eb37398148b56110196e29d9d58d407df2ba522bd4782361f6b8925c18b4
outputs/03_single_measure_curves/normalized/WBC/wavelet_w2.npy,2320369,75e9eb37398148b56110196e29d9d58d407df2ba522bd4782361f6b8925c18b4
outputs/03_single_measure_curves/normalized/WBC/wavelet_w3.npy,2320369,75e9eb37398148b56110196e29d9d58d407df2ba522bd4782361f6b8925c18b4
outputs/03_single_measure_curves/run_single_measure_benchmark.checkpoint.json,463,5111b0101eeacca91a65f71e00537ed704c900c4e4f4e0f602e588e98328ba87
outputs/03_single_measure_curves/single_operator_manifest.json,4111,5c6503afd67953013c5c17bdfcf7029c7f8f91cc2dc0e64ffc91f2cc51e4fc71
outputs/03_single_measure_curves/single_timing_summary.csv,18382,fbb636cb473026d1144ed8b60026c595eac64c52085691a05762d89bd7f2410c
outputs/03_single_measure_curves/timing/BMA/absolute_central_moment_2.json,301,cacc062a16116b6e17bfd52c0ffba43105f62765fd61dfcafdbbbe1b4ff48879
outputs/03_single_measure_curves/timing/BMA/absolute_central_moment_4.json,294,39c4e48e1607afb99481ed8b499471ab436311c18fd66924b3ec62e089eba860
outputs/03_single_measure_curves/timing/BMA/brenner_gradient.json,294,00b7fdeadf52cd94a5bb0be97359f7d0be648826c73fecb1bc8ac5229be569a4
outputs/03_single_measure_curves/timing/BMA/curvelet_transform_sharpness_index.json,306,7366cc3a6ca7a26301871c5eddc3a548b0d60a56a901ac807913f5a248442ef1
outputs/03_single_measure_curves/timing/BMA/dct_focus_measure.json,291,b2d0d1b7d63800f7dd074fb71152870749a3eb26d124598ad7ff4fbca34fae71
outputs/03_single_measure_curves/timing/BMA/energy_of_gradient.json,294,fe49a669fa9aee549f74b5810baa3d27f9d61fc0e57968125dfa6694c6c7d32c
outputs/03_single_measure_curves/timing/BMA/fourier_high_frequency_energy_ratio.json,308,57135e442b1ba8d9e2ac2dd047e2bcc7ec91e27d7400305feb0fed12a1c75bf5
outputs/03_single_measure_curves/timing/BMA/fourier_transform_sharpness_index.json,306,bcdb4c61c09721bbfe8e4acd0f760dc1f84a7f3303c0c37277a6621f97558a5d
outputs/03_single_measure_curves/timing/BMA/glcm_contrast.json,281,a8239ddfd60a425ef8ff4df8b241bf9b05d2b6373b120f89d6e736e4e792e443
outputs/03_single_measure_curves/timing/BMA/gradient_squared_energy.json,300,048dcb14a092efb5567f50932a0d4497bd95d53d5bb25ad44e898b7ae2076952
outputs/03_single_measure_curves/timing/BMA/histogram_entropy.json,291,915123c402d5dc327de7415a8768e6a8ec86cc9adf79a59d118c3d71260e2feb
outputs/03_single_measure_curves/timing/BMA/image_power.json,287,08cb43f5e1a4daf3293cf8556f3f8777482e8c74a3d6daeafa095bc9f8c527a8
outputs/03_single_measure_curves/timing/BMA/intensity_range_index.json,296,77ab4a665f06ca2a999cdc357fd8dcbaa392b21b34396cf5d46a4a946b0a9053
outputs/03_single_measure_curves/timing/BMA/intensity_skewness_index.json,297,30d6449bd25740a8b0f6591eb8e30c3e5eaa8ca7a5087f00f1184bdd1486dd0e
outputs/03_single_measure_curves/timing/BMA/intensity_variance.json,292,66513caf62669fad914a792c0c5b869f1de8aa6a48c72a7cee3da103fc8fe3dc
outputs/03_single_measure_curves/timing/BMA/laplacian_energy.json,289,b8de786239167209e9ebc4bdd07ea542f50517ba0f3995a0d0c9c8ca75a21b8a
outputs/03_single_measure_curves/timing/BMA/maximal_intensity.json,295,9ac107580ac667cf756e00ff8fc9c0d33e68c5ec322a4faa5ad4ed62df2e3f0d
outputs/03_single_measure_curves/timing/BMA/mean_absolute_laplacian.json,295,0d5761057d7bf3a64743dc5c63c6620c64d99de0267d971b4d955f007914928c
outputs/03_single_measure_curves/timing/BMA/mean_intensity.json,291,dd5c3de144919b801f2ce0ba6075d6e54ac35e7cd4aa0c96cca8e61622d76e99
outputs/03_single_measure_curves/timing/BMA/modified_tenengrad.json,289,3bb90e81d44e323a847e84c05792d1c9a02fcc2a8bc4be8a579f98203806a605
outputs/03_single_measure_curves/timing/BMA/normalized_variance.json,295,e664abc8375e1771fc79095d62166dab2fbaa83a4e1f41814d5967ce026a6efa
outputs/03_single_measure_curves/timing/BMA/roberts_focus_measure.json,295,03fe6f1b78027cd6083df097b76aebf5ea5f9b04261e025d53dfe7221ab11fad
outputs/03_single_measure_curves/timing/BMA/spatial_frequency.json,293,ce2205df446d5d4230c7de29ef7a5a01da63cb5d8382f8a1688893870039a2da
outputs/03_single_measure_curves/timing/BMA/squared_gradient.json,291,cf7b71b4e9ea6257d7cdb3bb84617100197e08724fbc85d0e30d29a322baefcd
outputs/03_single_measure_curves/timing/BMA/sum_modified_laplacian.json,296,5e8230e02a757e16bc051dc6036277980d786e950fdc4994ce3b308b0a6b0b8c
outputs/03_single_measure_curves/timing/BMA/tenengrad.json,285,5c98328fcf92ad602a13e3b5e799b512e55e3ea070ea875d209de9778bc64ae3
outputs/03_single_measure_curves/timing/BMA/variance_of_gradient.json,295,ac67276b2692c4acd4a6c437461836903962f2336b2e88fb7819b1a0ff5b5422
outputs/03_single_measure_curves/timing/BMA/variance_of_laplacian.json,297,7b243318fc2c1d44526c07e99d010d175959fff43f5c050b9391d9c5f907473d
outputs/03_single_measure_curves/timing/BMA/wavelet_detail_energy_db1.json,300,5ed8035cb6c01bad87168d99670c7a7170f61de5232b119340b0f685110bc773
outputs/03_single_measure_curves/timing/BMA/wavelet_w1.json,284,3847fa90c0b5cd1c28822408a27d935136f94b416582058bab552ac889082362
outputs/03_single_measure_curves/timing/BMA/wavelet_w2.json,283,1328f58735d4da24e50d343a8b5ab95310dd4aa6b7208151565dd6d476af2535
outputs/03_single_measure_curves/timing/BMA/wavelet_w3.json,284,c2a77d402fd601f758923f7f77cc1ae3b11541e5f3705a797e2b3682f842ec85
outputs/03_single_measure_curves/timing/PBS/absolute_central_moment_2.json,300,06f3b07c8c93618337b03c307be1a7c81c728070cd05862a5fdda1e7521d5391
outputs/03_single_measure_curves/timing/PBS/absolute_central_moment_4.json,299,7a65bddf9582325919a03dac9f531a69934a7691854b80573b2c3f7a398979d4
outputs/03_single_measure_curves/timing/PBS/brenner_gradient.json,293,b930b2d3353cf4f94aa6cd674fa4974e16a85947172324bfc03d920811e7430b
outputs/03_single_measure_curves/timing/PBS/curvelet_transform_sharpness_index.json,307,f45f8319ae27a3c7f1f218c5709fc5d8557940d242639ff51d3974f2b4e770d7
outputs/03_single_measure_curves/timing/PBS/dct_focus_measure.json,292,2687710a80e0438ea209c92b3dc779cd3feea0a4695a45bd959f70465c50fa8b
outputs/03_single_measure_curves/timing/PBS/energy_of_gradient.json,293,de3e6ba121f49ddef7617bc47bce39193e99415c45f547ea3552650a5ba23a5a
outputs/03_single_measure_curves/timing/PBS/fourier_high_frequency_energy_ratio.json,307,340896002040277689dab75542b2e3bfda316f7e1dad77d5bcaec39d27be3aee
outputs/03_single_measure_curves/timing/PBS/fourier_transform_sharpness_index.json,306,58bf9d8d89eb9e9e79cbdea2a9f4d80071f52730655580fed4e3d69fa8f77406
outputs/03_single_measure_curves/timing/PBS/glcm_contrast.json,281,9da1e3e086fdc1663466fe3cb23e659f240565ee03c777cf64d059118ad6a20b
outputs/03_single_measure_curves/timing/PBS/gradient_squared_energy.json,298,e5876693240cc851dbbd7dc2a3852a1876726cfc98c5c4c5145e5eea1963dad2
outputs/03_single_measure_curves/timing/PBS/histogram_entropy.json,291,367f6541f205b24dd29806b8ec966ba4a38feb94df9b2f18a7b82faf8ed5454a
outputs/03_single_measure_curves/timing/PBS/image_power.json,284,90d6d9714014dd943091ff662343f7219f9478b7ce3ec75df297c39278363afc
outputs/03_single_measure_curves/timing/PBS/intensity_range_index.json,297,8c7aece706c91925d983fe74f1d73ec622a83dd9b3955988a441ba15c0486287
outputs/03_single_measure_curves/timing/PBS/intensity_skewness_index.json,298,abb173f90bf9666ca8001c22dde2d17b807fb8c64515b8d67643a472bb2bf254
outputs/03_single_measure_curves/timing/PBS/intensity_variance.json,293,92567cb5a328530677a3b2e1868300d363734e73a631353fd85ff4b8a58bee8b
outputs/03_single_measure_curves/timing/PBS/laplacian_energy.json,286,5c24807c0b96ec5644859608aa82121b533ef5da8ad3d3fdc997712f7a8ae149
outputs/03_single_measure_curves/timing/PBS/maximal_intensity.json,294,58401f0625d955435cacc43bab16a6b85cec1d5c8a847c02c50ac16669ad0f09
outputs/03_single_measure_curves/timing/PBS/mean_absolute_laplacian.json,295,ec5cb626962ef67bfc1eca827a671cb4bb93ef78f9e807eb50bd1529adbb815a
outputs/03_single_measure_curves/timing/PBS/mean_intensity.json,291,e7800c7cd3ee10a8a3e0fabb07e04df81c6305f014c609ba36be3440a741c337
outputs/03_single_measure_curves/timing/PBS/modified_tenengrad.json,289,be3d97faa7c45c704f1eaef3b62d06e41403231cf0f1474a5a3d1758f8921136
outputs/03_single_measure_curves/timing/PBS/normalized_variance.json,294,2fb10ef8546e3d3830a34c98e6db128922b1a9d3fedb95e06d41d335e9e831e6
outputs/03_single_measure_curves/timing/PBS/roberts_focus_measure.json,298,9305dc9db1c3f2ca2f7234886c894f2314b846fe38ce421776ce0bcff6f67048
outputs/03_single_measure_curves/timing/PBS/spatial_frequency.json,293,7f32cfbaf89d72e52af2fc31c949499159a19895bab16d6bce561f685924c999
outputs/03_single_measure_curves/timing/PBS/squared_gradient.json,293,ece8298cf9ae6be1d9a415df729bf04a6ab555004367e8e3600a831ecb585ae2
outputs/03_single_measure_curves/timing/PBS/sum_modified_laplacian.json,296,ff7c532b5a0d60a822a4030fa927af2c87eee822d55bd4125b58b9667886e9b1
outputs/03_single_measure_curves/timing/PBS/tenengrad.json,284,1fc946725f4125724ab6a744ccd7fe9e488b31c11c3e81d7f6e37557838bd760
outputs/03_single_measure_curves/timing/PBS/variance_of_gradient.json,295,b756162d222e35f8f9a793989e3fb93ae1a799408d4b03e8b02be7d465b49a32
outputs/03_single_measure_curves/timing/PBS/variance_of_laplacian.json,298,8e6fcf69fe502a763af2accc37455a436d025ea1903a08f22c0391228f5069a3
outputs/03_single_measure_curves/timing/PBS/wavelet_detail_energy_db1.json,300,b2512dcf8429217f09017b63eb282e2c66bdd460bc64e74bfa7bd9a5943397f8
outputs/03_single_measure_curves/timing/PBS/wavelet_w1.json,284,74b5d6fb1e7cb36f33735f3685978dd4c396025a10d799865dc3f25a8e658756
outputs/03_single_measure_curves/timing/PBS/wavelet_w2.json,283,4b4184d435822f3748bbce065cdb9a988a3fb86162691c7884a6d9d639c91ec2
outputs/03_single_measure_curves/timing/PBS/wavelet_w3.json,284,4e3659acbe04c116dda5e8876a696b4ae14f7f5f88a10ee77d58a494eebc68a6
outputs/03_single_measure_curves/timing/TBF/absolute_central_moment_2.json,302,1251b8ffe342fb9b298a74377d1140b8e9e1a02f2ce5901f0f199c76debf0246
outputs/03_single_measure_curves/timing/TBF/absolute_central_moment_4.json,298,aa3a3ec23bdc08745e97234d5f3774a0c717ea7ac8bedd8ed9eee385ed1d80b5
outputs/03_single_measure_curves/timing/TBF/brenner_gradient.json,293,e936468ae3ef71931e4aa8c4b0bccd39966dff72e7845d4d73be06e0a9559a7e
outputs/03_single_measure_curves/timing/TBF/curvelet_transform_sharpness_index.json,306,d009a8eb24251e95be965ec72e0b527197a0d915f6725806470d3d796bbd8c23
outputs/03_single_measure_curves/timing/TBF/dct_focus_measure.json,291,f60afad96b2c538dd40af8532bde2970178c94fa7e6936504e24a14a8d0e230e
outputs/03_single_measure_curves/timing/TBF/energy_of_gradient.json,292,8852834a3cbe9d45ba3835bae02fef896c7eb116b7bf9feb95d1b68d487a810d
outputs/03_single_measure_curves/timing/TBF/fourier_high_frequency_energy_ratio.json,307,035bc1a4f533920a9821131d6c9881f1fc7aa13328022ffc6645d027f6a1d756
outputs/03_single_measure_curves/timing/TBF/fourier_transform_sharpness_index.json,304,7f9e43bf0520aef9f5f8ef0af6d46a47841ee3b7f5b9a210851fcb8ea4c6ac5d
outputs/03_single_measure_curves/timing/TBF/glcm_contrast.json,281,e7438b42c8256b541e35294d9f562a5e252fc8c8cea7a4bf35b4b480bb514743
outputs/03_single_measure_curves/timing/TBF/gradient_squared_energy.json,299,072c86c1cd8ca6d6d4207f4b126a435c6a7555c7685ab46b031afe472f8f50f8
outputs/03_single_measure_curves/timing/TBF/histogram_entropy.json,291,d821e6659ba63a492e2027b4543d49009abc2377eda08b8d07a34420946602d6
outputs/03_single_measure_curves/timing/TBF/image_power.json,288,3ad2aa2cbed8e6ba5bafa1c5fa1cab319183a6484ed7ad9fb0d50364196de266
outputs/03_single_measure_curves/timing/TBF/intensity_range_index.json,296,b8c77b7cb7e91b2832cc46baee17f0922b26be00fdee87d143fbed79b55f7141
outputs/03_single_measure_curves/timing/TBF/intensity_skewness_index.json,297,f7ffbbaaebb5c2c3cd62ec1d9c11f936c24fe47e10a21972617040036b09520b
outputs/03_single_measure_curves/timing/TBF/intensity_variance.json,294,7e6344d83cfb252a0cd016f50897071f323d12f259ae9ec771f32e88c1f008e8
outputs/03_single_measure_curves/timing/TBF/laplacian_energy.json,287,0064d1bc185b7dfb9df4fa0bb2e7dd0c112dbcd7b17f7c040ae71cc43fdc6992
outputs/03_single_measure_curves/timing/TBF/maximal_intensity.json,294,7dc6c3ad879c3e5fef109d2cfa16decc500857984d96b1b2e610bab9cb55c9e2
outputs/03_single_measure_curves/timing/TBF/mean_absolute_laplacian.json,295,b8278ca4cc2acd1e603f041d93817d406f02d5493cfa387be6dcea3e18c88ac4
outputs/03_single_measure_curves/timing/TBF/mean_intensity.json,291,4b0ebb8ac7f998ed40c2b4e1f8a1dd808caa28c475349e9705fb1c882889d21a
outputs/03_single_measure_curves/timing/TBF/modified_tenengrad.json,288,5d1f19657763a97c9c9f6f8c995ecfb86bf0858794bdb67479c5f8c35b65613d
outputs/03_single_measure_curves/timing/TBF/normalized_variance.json,296,2f4341eff462784cb30c3d1a3ba778edda0d8d545c7e79e0d67b3d02659e855e
outputs/03_single_measure_curves/timing/TBF/roberts_focus_measure.json,297,665a680e4f8bf9bb80c20010bcabcab59972aa503a0df5083839326b8c40e92b
outputs/03_single_measure_curves/timing/TBF/spatial_frequency.json,291,f013a8488e8baefe6d81bfa5dc3824ce498059a7671a056355faa6ae664f6aa6
outputs/03_single_measure_curves/timing/TBF/squared_gradient.json,291,c185765f1aeae9b021edde813d141750d0dbb921cd3efcef694aab17c5907938
outputs/03_single_measure_curves/timing/TBF/sum_modified_laplacian.json,296,81093275423b5f8785efc48abbd5c31f723eccc6753bf540cdd0f551b300fa0c
outputs/03_single_measure_curves/timing/TBF/tenengrad.json,286,e0be04c4d6c6c842d51ae18326b48fc55b218ce5bd41d7d65ab04f949c164f20
outputs/03_single_measure_curves/timing/TBF/variance_of_gradient.json,294,bdd56fd429450923e2a166832ca2a2ae5b2ede6b53b9165361c7a846d431cd5e
outputs/03_single_measure_curves/timing/TBF/variance_of_laplacian.json,295,a447bfb7cb3e705f2f8bf62c2bab0a45f0086cdb8952b91a579a255006fa61c9
outputs/03_single_measure_curves/timing/TBF/wavelet_detail_energy_db1.json,302,e02410829fdbbd2989b71352d99758671c4dd7d27222053b530a856a1b2e4f97
outputs/03_single_measure_curves/timing/TBF/wavelet_w1.json,284,55a0fbe5ede73ab598048197c110869752809f13bcf1e3c4e7301bf0ae3cd356
outputs/03_single_measure_curves/timing/TBF/wavelet_w2.json,282,7c4b3431875a106fbae5e1dffb5ca53b74ab44fe60f9478f1d81da0111f601a5
outputs/03_single_measure_curves/timing/TBF/wavelet_w3.json,283,00ad6328d8470312ef35dfdbd57ef3639057727bfc5e72fe8bba035911099071
outputs/03_single_measure_curves/timing/TBI/absolute_central_moment_2.json,300,79bfea2e68f906599e5cfe279e72499665890667ead83b987f3555ce98210147
outputs/03_single_measure_curves/timing/TBI/absolute_central_moment_4.json,297,3e9d61cc4bdda0c9b678362727354593048679bd8fa61065cb90f217d9506759
outputs/03_single_measure_curves/timing/TBI/brenner_gradient.json,293,ca99519f283f77dbff4f86a0211cd258a4c0d6219b445b7417f596ea0c788e56
outputs/03_single_measure_curves/timing/TBI/curvelet_transform_sharpness_index.json,308,a7e19a95958390c3e680e29c61ec60d34e5148a4dcf07b1d0f00963aa3ae29e9
outputs/03_single_measure_curves/timing/TBI/dct_focus_measure.json,290,3f18b4ad6b084cde676cee8388bca4cbdefbe0698b4183d705f3cf2b421d81c8
outputs/03_single_measure_curves/timing/TBI/energy_of_gradient.json,293,0f6ae5303e807d38d133584055889ec9aa787e1719abab0294f68c671fc8d5e6
outputs/03_single_measure_curves/timing/TBI/fourier_high_frequency_energy_ratio.json,306,33c3e1da43408efc182578cac8fc13abd0340ed728d0efbe8e07f6d2eb3a8b44
outputs/03_single_measure_curves/timing/TBI/fourier_transform_sharpness_index.json,306,cdb5d812d35f46be86d6d03c413ec95cce8df1954da22ac43cc0110c46006740
outputs/03_single_measure_curves/timing/TBI/glcm_contrast.json,280,0616b3d4934316436e46cebfa16ff4b16ed838ad0be55fe588e338e8294d5ae0
outputs/03_single_measure_curves/timing/TBI/gradient_squared_energy.json,299,df35ef1e084dfded9c39acce661f2eccb3f7d07868012e86c68ce0b79c27509b
outputs/03_single_measure_curves/timing/TBI/histogram_entropy.json,291,5db420f0ed456dc56511cc0c50ab5ba9e1d63cace1111b91e596f6830bd75e02
outputs/03_single_measure_curves/timing/TBI/image_power.json,287,58968a1462d1605f82adaae799bc95f30c9f8a98b6079011bc96035784d6a3a1
outputs/03_single_measure_curves/timing/TBI/intensity_range_index.json,298,7cc4283a01596e11d415b92aae35d0cba9dae98168a2e11f4b8fc6d4fc3a8664
outputs/03_single_measure_curves/timing/TBI/intensity_skewness_index.json,298,49452a99d15c488cf6652016dfa8f8238fd27b77e207ec9f647ab2db55887a22
outputs/03_single_measure_curves/timing/TBI/intensity_variance.json,294,c4cb584f6364e65d5599e98f2c189ec827a41f0e2659a3a7e2a05163dcbf00ef
outputs/03_single_measure_curves/timing/TBI/laplacian_energy.json,288,d3cb7ea416087dfb481dcac6099e41ac81255aee42bfc6cb35e450f8430d1aef
outputs/03_single_measure_curves/timing/TBI/maximal_intensity.json,294,33e4be27437237a304ef1281fc62b84b3d4ee0877348ab8c91ae6c580895dfc1
outputs/03_single_measure_curves/timing/TBI/mean_absolute_laplacian.json,293,1705b1cbf76f680053f2950e79fed721d96d7115152f2f050d4969c3b7d28217
outputs/03_single_measure_curves/timing/TBI/mean_intensity.json,290,cbb7c320697166854ae39867c3186fd818156db9a5712f568e02cb8ffde0b663
outputs/03_single_measure_curves/timing/TBI/modified_tenengrad.json,290,d1c1acd649e24968c8397d4b49d3b739a4988214ab3ca593c95c031bff0a1b9e
outputs/03_single_measure_curves/timing/TBI/normalized_variance.json,295,9c51c765696e7cc8f27dd3724fb93d27508b8f7a75f23387ef6b1acb5679d9ba
outputs/03_single_measure_curves/timing/TBI/roberts_focus_measure.json,296,f09cdff00f965d62d4cc046f051a47c4b188948f0aa388e3975db1a1e9807b31
outputs/03_single_measure_curves/timing/TBI/spatial_frequency.json,291,8ecde9c7788a70b2ef92212b6ec8a668239207f2fc1676cd14ccacba2d1aa457
outputs/03_single_measure_curves/timing/TBI/squared_gradient.json,292,8cef0fd03ef070cc2714f68a059fa0499e7c82ff01b124c067edc82da8fc1a9b
outputs/03_single_measure_curves/timing/TBI/sum_modified_laplacian.json,298,20b5c769b497c0d80e55643d91ac73d05986893fe85d1e11e2238f0fe3c499a5
outputs/03_single_measure_curves/timing/TBI/tenengrad.json,286,89c2ecd5ac7b196c98fe8a64f56eb75bb58dccd454464260b436afa787099603
outputs/03_single_measure_curves/timing/TBI/variance_of_gradient.json,295,eaf6b50b45f8c241506d1676435ae8d5a821375c3f50a084f391db5bb6ee6678
outputs/03_single_measure_curves/timing/TBI/variance_of_laplacian.json,296,63be90ddcf151329fb04afe5ca2a0e75f031ce28b4fa7cc379c8003984553f7c
outputs/03_single_measure_curves/timing/TBI/wavelet_detail_energy_db1.json,301,44a96048fbc3945e1c4e2b841d910a57c0e4bd66ec4e4707f511d4a75287d30d
outputs/03_single_measure_curves/timing/TBI/wavelet_w1.json,284,ed0a8da73dfa4a29f479d8064d2b3d527a9bd99fe8c18459f28975960ba324e4
outputs/03_single_measure_curves/timing/TBI/wavelet_w2.json,282,1269d218123e095e39a244aed0a5fdc96825bbc325c93df90ad06cce1225f03c
outputs/03_single_measure_curves/timing/TBI/wavelet_w3.json,283,463991cd13c8959ce3e583b032711d5a0aa52a1b03fc9cc0b156267d4e314f6d
outputs/03_single_measure_curves/timing/WBC/absolute_central_moment_2.json,301,e9d13c82b2fd97087f3a85ac29cb1f7dc6b63ddf3398cac0b956301a2e93dbca
outputs/03_single_measure_curves/timing/WBC/absolute_central_moment_4.json,300,0c563be7dedcd08e2322af54f7837d9e30d4fa5bc5e347a86fd4457b348a1631
outputs/03_single_measure_curves/timing/WBC/brenner_gradient.json,294,db6f14f74604fc61230fa627c2f5dde2b581382ea042da1829b242bbdee2ded2
outputs/03_single_measure_curves/timing/WBC/curvelet_transform_sharpness_index.json,311,706de975dfda16ef18f974c070b72a49a9bd73645f10fc2411d94b7e4dbcd81a
outputs/03_single_measure_curves/timing/WBC/dct_focus_measure.json,293,b3604a4dfb3bc6523af7c90b04db8435e2aea9145d83dd3ab55d36d78a2289a5
outputs/03_single_measure_curves/timing/WBC/energy_of_gradient.json,292,7d22cdb0fc7712ff2f9d49228a07e7655f4f61b2f76d6985f2ab769de4f89a37
outputs/03_single_measure_curves/timing/WBC/fourier_high_frequency_energy_ratio.json,311,d9db3526fd2cc3e8cb21bed77d8c42830ba4f88e34a4c4870c8f15847e1ce99b
outputs/03_single_measure_curves/timing/WBC/fourier_transform_sharpness_index.json,308,35be487fd98b34fdf8fffacf78d1ac76570b9c7dccb831d789863e45052e0d88
outputs/03_single_measure_curves/timing/WBC/glcm_contrast.json,284,d78f228b605aa8218067fa8fef34d674d41816ed365d82aaf9c230170d6f2005
outputs/03_single_measure_curves/timing/WBC/gradient_squared_energy.json,300,77690e05f87d23cf337acc3fb9be90ec618dc148d142b1d0f9609d7db15dda2d
outputs/03_single_measure_curves/timing/WBC/histogram_entropy.json,295,f4d88a9820c475da4a19c254199bbc99fdad06e14272abf1edce29873ea613cc
outputs/03_single_measure_curves/timing/WBC/image_power.json,286,eed12a09962d6d1a7f2ecb3b4ceede34deeb63b764b7880800348d774e6d6201
outputs/03_single_measure_curves/timing/WBC/intensity_range_index.json,300,29830e8090eec529052ab15c03b197ed477bc1586efe258ad6d575b26a1765a7
outputs/03_single_measure_curves/timing/WBC/intensity_skewness_index.json,300,573a57c8d5524bbb9c2e7f07f1801ecacca756523dec772eb99628b6dbd8682c
outputs/03_single_measure_curves/timing/WBC/intensity_variance.json,295,099abf621e07b2bdf8b6f11a1f37ead8ff3e098a950fa830c5e54fead1e18e4e
outputs/03_single_measure_curves/timing/WBC/laplacian_energy.json,290,691e3dc6e6342c22fd8057fe6982de92ddb2cfc563509e4fa51976900ab619b3
outputs/03_single_measure_curves/timing/WBC/maximal_intensity.json,295,e3534b25f9680d79a0c8bcae1e58b84250ae64e3c925d72ebe3df4a57eb6026c
outputs/03_single_measure_curves/timing/WBC/mean_absolute_laplacian.json,296,3f53e71a9e5a0eb51e4b924065a74d05098b5a53766c86560860c3021a99116a
outputs/03_single_measure_curves/timing/WBC/mean_intensity.json,292,fe47cbd67f19781ce7f7b17f5d5e55afcb5290d7ac0920b63bdadf41d4559210
outputs/03_single_measure_curves/timing/WBC/modified_tenengrad.json,291,ae40ab55caf438599752d1d64fb67402ca443d62c93c46f11855991eed34bb0b
outputs/03_single_measure_curves/timing/WBC/normalized_variance.json,294,0347ebb9c0326abdbaa4cc1903d916756e39fd1dc7fab7d4ef34527c7ef841a4
outputs/03_single_measure_curves/timing/WBC/roberts_focus_measure.json,300,2e875628bca6f1dc8c6632580a2981b105bbd395efcd652de3a736491900dcf8
outputs/03_single_measure_curves/timing/WBC/spatial_frequency.json,292,e6ea3b4539743ba0af1f0c8e3fcba589b744422d9a5119682ecbb36a88995d42
outputs/03_single_measure_curves/timing/WBC/squared_gradient.json,292,bb2d494723b56a3b525c935d195b46cda005c30eadd7197ef792606925997acf
outputs/03_single_measure_curves/timing/WBC/sum_modified_laplacian.json,299,34376f088255b7b0b876a4f12c585941a8e0c780489474e11e2a8bcaa84044ef
outputs/03_single_measure_curves/timing/WBC/tenengrad.json,286,6242ee2019d180fe28e8b3ce99941ab67ec05163e3476553f0447f4e23e03703
outputs/03_single_measure_curves/timing/WBC/variance_of_gradient.json,295,d9abacbee0b799a370c40b578b8dbaadc1bfa8b72efb4ee4261a807e95329d03
outputs/03_single_measure_curves/timing/WBC/variance_of_laplacian.json,297,5500f35ac2713c9e10a0f11e21695b7629efaa890c1414f8abc959c297ad8df2
outputs/03_single_measure_curves/timing/WBC/wavelet_detail_energy_db1.json,305,6c9e6b931c57353992e10773ba612eb4d88f2508420cfeee315b9f8c0bb5760e
outputs/03_single_measure_curves/timing/WBC/wavelet_w1.json,285,d0616e898455d8684ceffe7d4c71a4a64336d8d3f1ff7a3ddda96524cdd157c5
outputs/03_single_measure_curves/timing/WBC/wavelet_w2.json,287,7b4b37328ce5303733ae30ef3f3a73426304ce1fe3d94f57e4e157d927d6571c
outputs/03_single_measure_curves/timing/WBC/wavelet_w3.json,285,ef47b351a86c2cf70e51fe3e19cdefcee10b07414065c6484b8b164c3361ef54
outputs/04_single_measure_eval/main/evaluate_single_measures.checkpoint.json,976,e133e472f067806097f18b96056b29d26bc6751ea9464ec13a8b4ff4d079ae13
outputs/04_single_measure_eval/main/plot_single_measure_results.checkpoint.json,2401,baa5104edc5fb06556bc14f23599be9cf3ae0b09a1edbd2ea8be695924ea4bf7
outputs/04_single_measure_eval/main/rank_stability.checkpoint.json,817,3ce8230296266e7d086be5d11e08a216aa885f2fd112761be054c9fb2c489256
outputs/04_single_measure_eval/main/rank_stability_summary.json,907,e36aac90f1fd50edb4ecaa93b1cde88fc4c7094e922b02259b19064d145cc948
outputs/04_single_measure_eval/main/single_measure_figure_manifest.json,2155,597e5e3d4b833642ac0723ad4c076619644ebf0a90186e4e8b5aa2f9872ac9bb
outputs/04_single_measure_eval/main/single_measure_results_freeze.json,3416,6f860a8df8055f64ba398b8521f959dfe94d8b3a10cc9b188d8e4807e924c842
outputs/04_single_measure_eval/main/top10_single_rank_based.csv,1003,45f583aa9dd69223efd57a317a60fc00e024c8fda29b00683966183fafe499d9
outputs/04_single_measure_eval/main/top10_single_value_based_equal_dataset.csv,1113,00bc65fc2982f34df390092eb0ab88a807668c1eb90fac610701d0b756ff0e32
outputs/04_single_measure_eval/supplementary/all_single_rank_based.csv,2952,dce9eeba5c8e0d9d5d965b82ea586df6c5088b1b6fbea373e5e99ecaf020f934
outputs/04_single_measure_eval/supplementary/all_single_value_based_equal_dataset.csv,3341,e2a9eeca403d0732afb50896f2d623204498490d698dbd0abb4e55346a5ef532
outputs/04_single_measure_eval/supplementary/all_single_value_based_per_stack.csv,3248,7e0707ffe8569a7ececbaf3962c730e297546b6f44e6fae680ea6384574b83ff
outputs/04_single_measure_eval/supplementary/alpha_sensitivity.csv,16295,18eb42ce69187d79f801b0badfa5130ae2ea77848a805af42e437f95e4cc53d6
outputs/04_single_measure_eval/supplementary/dataset_label_modes.json,112,14b1b28425f76c629cce9d5102e717d4b39c21e8b49f9347b6938395178b4494
outputs/04_single_measure_eval/supplementary/dataset_metric_raw.json,85477,ff7685907a9e0a481194e5379aef9628fdc4ecf8bae7de02c8a67c5b23af3de9
outputs/04_single_measure_eval/supplementary/dataset_stack_counts.json,71,ff7b047d8a5e5d34944ebef9811f07a5063637997faa880149ce36346ae649ac
outputs/04_single_measure_eval/supplementary/label_source_usage_by_measure.csv,11377,5a89a432414c858189770741c6a5ba311b960c3ca2cd1f47aabf96becadaf449
outputs/04_single_measure_eval/supplementary/label_source_usage_by_measure.json,44310,5a2370e4d5b418215f20b083ff6ac1bd1ac64ad90cd94deab63d9548ed9b2b3a
outputs/04_single_measure_eval/supplementary/label_split_summaries.json,18770,1a2990d64f3da3ee74da2722042cd9ee704f34763719baf239639252783a1539
outputs/04_single_measure_eval/supplementary/rank_cells_all.json,20416,5e6aeba20548c6b240d6e1131d35bb6552fcce08bcae839e6f83e12df50cbf6e
outputs/04_single_measure_eval/supplementary/rank_stability_1024.csv,1490,02100d226369ea24a7a84bb952f3515a6ab13db2a276e34692e97dd89c9d960b
outputs/04_single_measure_eval/supplementary/rank_stability_detail_by_dataset.csv,20367,9384bbc9aa6ad387f0c4cc7a7087f29c91ba411576198e477df393a0d37f68ec
outputs/04_single_measure_eval/supplementary/single_measure_dataset_level_metrics.csv,39278,0fb82c9345e0872fabfd5b46a32aff251ae72e84bd20bb57b06decabfa485564
outputs/04_single_measure_eval/supplementary/single_measure_dataset_level_metrics.progress_full_rrmse.csv,39278,0fb82c9345e0872fabfd5b46a32aff251ae72e84bd20bb57b06decabfa485564
outputs/04_single_measure_eval/supplementary/single_measure_dataset_level_metrics.progress_full_rrmse.json,1341,a3fb2ee342c06509b4e66a16d2d16ea7ca0475030fe117fddfe9cbb026f60ff9
outputs/04_single_measure_eval/supplementary/single_rank_based_friedman.csv,2063,f0ea67cbceca9ed3bc79ac2874917fcc1cf97c2be580694b4f628aea3da13820
outputs/04_single_measure_eval/supplementary/single_rank_based_pairwise_holm.csv,68587,4c5f475ca70ef745a9b12d3ada7126a90202d2f054553de897cd8c76895a79f5
outputs/05_gp_runs/dedup/deduplicated_best_expressions.json,753588,743053eef45f84f562ae20499ef8ca3b7ed1314efef8716b99279490378b501b
outputs/05_gp_runs/summaries/all_seed_results.json,2843656,f592a7056724672809e7725f58af8f2eeda0095170cb75f9e2148ed4cc873353
outputs/05_gp_runs/summaries/final_composite_expression.json,1614,1d49c08428a35f0eaefbfc2d1f4d6b97d7bf8d1ae4c9f501831f5e7a9a512262
outputs/05_gp_runs/summaries/final_refit_seed_results.json,597811,18b7a64d3386e8b28f9b34582eaa8ba51e49a3ed7ddf08ab0528df1ea9634935
outputs/05_gp_runs/summaries/final_refit_summary.json,76891,65afb93c61742c570aedaba18d781c737347f3732cc87eb3b6a8bfb311499fe7
outputs/05_gp_runs/summaries/heldout_BMA_summary.json,606090,4f8ea1a1d2fa62e71075faa7c2efc93722193f64f2b7b7b412402a802e523404
outputs/05_gp_runs/summaries/heldout_PBS_summary.json,614396,a4cc28656632afa9919aa557db75e064db183b4d6dc94ddcaf5750021b9619d2
outputs/05_gp_runs/summaries/heldout_TBF_summary.json,607464,2fad5da23411b113cf8b37052e613ae53eca1a4ed4428dfd542047095f39d937
outputs/05_gp_runs/summaries/heldout_TBI_summary.json,602348,a12b3a798ef770ba16c19602fc03e1f0b32653b947d263e2000e049dc305d087
outputs/05_gp_runs/summaries/heldout_WBC_summary.json,520726,bc7db4ce7586db2a9d646fd84024bf4767f7b79ec1577382867be7ee70854c25
outputs/05_gp_runs/summaries/run_composite_gp_lodo.checkpoint.json,868,b3f041fb8926a8aee0a8f472976617a11e1ee18c79bd827b3b44df7ea8c8bd1d
outputs/05_gp_runs/summaries/selected_terminal_manifest.csv,6490,d16bbf82be6f69e66e3e672770b36be2cff3bdf2fd08c7558b2ec8ddd0acdf5d
outputs/05_gp_runs/summaries/selected_terminals.json,32397,3dd67bff43a212dbc7a10bd7a2089a0cc0c7ca6eb99527feae5536da3a7475f9
outputs/06_composite_eval/main/best_composite_vs_best_single.csv,889,840d2a4255f4dea0734f6e2ce11810fded3002209e16d35e9c9e437c95e6fa66
outputs/06_composite_eval/main/composite_figure_manifest.json,935,509634fc1291e500796a942b3a547136bd53b23ac1424e3bbe51c2ceaa3ba1c3
outputs/06_composite_eval/main/evaluate_composites.checkpoint.json,846,f21226a5dc11ced319ce521a0a0a7aea0139b36f2d0b481225d94be7041318e5
outputs/06_composite_eval/supplementary/all_composites_common_rank_scoring.csv,1154,cb1c797cfad3ea45ceb5ef7570b39278de48b070c062d25ebcb9a0e06b210d5b
outputs/06_composite_eval/supplementary/all_composites_common_scoring.csv,9709,084decbedfe3aa654e7744651d7743267c38e75855654544445ccb4d72d21bae
outputs/06_composite_eval/supplementary/composite_dataset_level_metrics.csv,51990,b25368de8e3189751b22bc3948a75910aa113b65bd72a8572e4f596d3a18330f
outputs/06_composite_eval/supplementary/composite_dataset_level_metrics.partial.csv,51990,b25368de8e3189751b22bc3948a75910aa113b65bd72a8572e4f596d3a18330f
outputs/06_composite_eval/supplementary/composite_metric_raw_by_dataset.json,35912,f5fdb291f8ec53ae85828a5620600deddd2a0f31e2d05f683f039d6590a66f44
outputs/06_composite_eval/supplementary/composite_metric_raw_by_dataset.partial.json,35912,f5fdb291f8ec53ae85828a5620600deddd2a0f31e2d05f683f039d6590a66f44
outputs/06_composite_eval/supplementary/top_composites_10_metric_profile.csv,7717,0da59181244311759273a3398fe12b4f4174c93ab9cb16ff47585507c6f1d239
outputs/06_composite_eval/supplementary/union_metric_raw.json,121312,7d140336cfc8f5864d9829661049fd82f49cec1ec1c5eabfde3df9fe7784083c
outputs/06_composite_eval/supplementary/union_singles_and_composites_common_rank.csv,3982,e09ea5ec1505737a303eeb538249c28ec65d373a58bcb3f8c5bb23919708e2ab
outputs/06_composite_eval/supplementary/union_singles_and_composites_common_value.csv,4560,470720aab8233a2d63685dceb4b1b51d62d38548b722b7d2d3096715da2694e8
outputs/06_composite_eval/supplementary/within_admissible_spread.csv,998,62e3dcf0ee2fe6cde2533ad1050b22b3903f2103822619fa0ef07a82803b359a
outputs/07_statistics/sensitivity/metric_weight_scheme_accuracy_heavy_full.csv,3343,7c68319034ad060f5956d598c8f768f8241fb6025200ccd16566bbd7f77bc4c9
outputs/07_statistics/sensitivity/metric_weight_scheme_paper_default_full.csv,3350,ca4fa7b751bf2810015cde2f31bf5ddd320cc588c15beee1b275f47b8658f9e2
outputs/07_statistics/statistics/accuracy_average_ranks.csv,962,affc7b9cb0fde6408a1ee0502be68291f3b6f4a69f03e320f6fa84a01390d72f
outputs/07_statistics/statistics/accuracy_friedman.csv,806,40c13c5addf41544a9287fb23b31345aa2c7b87adcf7e09e1d4c9f34fc38bafb
outputs/07_statistics/statistics/accuracy_pairwise_holm.csv,52623,691c5f9ef701b122f9cb0bd7ccdf317add99d1e8cd28056aeeb1ab7ecb3757df
outputs/07_statistics/statistics/overall_average_ranks.csv,1000,4f327c4664ae8eb7d5ac8f58b98ba85806d31bbf3d677770148cbaa890113190
outputs/07_statistics/statistics/overall_friedman.csv,2107,be844b089003c6d4cd478ef33d777f7c7959a074d3e5a2d725217b9987a545e4
outputs/07_statistics/statistics/overall_pairwise_holm.csv,66221,c6ef05be5f2cd110060c5607d2f68d0aff9b632f01a6985e5a0a685d34f472ad
outputs/07_statistics/statistics/run_statistics_and_sensitivity.checkpoint.json,506,c4023939a271297f7248c6aac8ce17d35506454f9311eb3d0c3dd224d2a8c51d
outputs/07_statistics/statistics/statistics_figure_manifest.json,818,fd1c737be210597592d7a79bd2dab8ab0cc3cda7dd50c260334abac47a062ed7
outputs/07_statistics/statistics/statistics_summary.json,7762,3919dff1f3f2cfdb8f29443800a6ea4aa3e62eaf337c695e88aead35bf87f81e
outputs/07_statistics/statistics/union_accuracy_average_ranks.csv,1168,d55711b6d5f4bebee1082e360889b62c867bdb8c97daf5bffe12d3bbe22d4e3a
outputs/07_statistics/statistics/union_accuracy_friedman.csv,881,72dfcd216525b33185e2eab8ce81308d678e895fc90c018b046dae14f0b6a67d
outputs/07_statistics/statistics/union_accuracy_pairwise_holm.csv,97616,2a1cab4538b38422ab4b2ae68e395a1cbf7cd35318306a0be94f46e11c94ebc2
outputs/07_statistics/statistics/union_overall_average_ranks.csv,1216,8b56b8412d3737d0d89e974d557db89eae807449a01163e30c2e0a2b3cca360e
outputs/07_statistics/statistics/union_overall_friedman.csv,2180,f81b98353beee2ccc3da03556abfbaeec18b6db2a07eceeb248c4908049fae26
outputs/07_statistics/statistics/union_overall_pairwise_holm.csv,126889,ff21e05cf8f9121e0c694850b9d9ffbc13b8cc081e28d79db167065c47e1e6d0
outputs/09_paper/captions/Fig10_runtime_scaling.md,190,f96d37ddcb588e22332f582a9f85901f281b67d0740685ce075639f57d6b467a
outputs/09_paper/captions/Fig11_optional_downstream_task.md,196,8f823a626d1a5abf772b40ba829b54bf2a6ddc0183d17c55c4b2c0f8e4153047
outputs/09_paper/captions/Fig12_lodo_vs_final_refit.md,203,6eed7bb728628ed2b407acfdadf53d6044ec844dee99d49e8f95617c22bef3fe
outputs/09_paper/captions/Fig1_pipeline_overview.md,175,f00a09b6c8f6f2114d0154472f3fcb86959d408dbbb0327ea367342ba593ba78
outputs/09_paper/captions/Fig2_single_measure_heatmap.md,188,70cc3821e2c1e6499e2866e2665eb76484c1e1d31a69a88e4bd9e1c44d9fee43
outputs/09_paper/captions/Fig3_top_operator_bootstrap_ci.md,207,b3203fe25a6bec21a4b7221a5e8d31681b98866ee291d587e8d0621e5a0bc42a
outputs/09_paper/captions/Fig4_resolution_sensitivity.md,195,78f282ba5d796d7ade105a4255154a95f6157dc5522b73570a1ac1f464b2cdad
outputs/09_paper/captions/Fig5_representative_single_focus_curves.md,210,85eba262ecefea4befba66a8eaee8ee9b5c86d66a3c8df6e2a39636d122cabda
outputs/09_paper/captions/Fig6_representative_composite_vs_single_curves.md,226,87a501401a51b5b092abe9b667f8a52362d4e773f2061cb9f29c77c118d6105c
outputs/09_paper/captions/Fig7_nemenyi_cd_overall_rank.md,209,7073c4fcbddc9bac5b01fc3e230cb63ff719d22a99c92cea747de869c094357a
outputs/09_paper/captions/Fig8_nemenyi_cd_accuracy_rank.md,219,53094fe4191eff3a29ca699984baaf33620c4f8a397bd530eba14e2f3536acc7
outputs/09_paper/captions/Fig9_gp_lodo_summary.md,181,24e6d51bd0d60e826c29b99baf5b52a7c9e2d0ffc41ae06d6c8d4f1d42dce1f9
outputs/09_paper/captions/SFig1_dataset_specific_focus_curves.md,214,28ecebedc3bcae7741762716f3b32bd59c1ebf148fb1f2d4c19bdcc3362f81a0
outputs/09_paper/captions/SFig2_gp_convergence.md,192,935e75f6131dbae978f1a71d7b3eb8fff96a679a34e4386f29c08a03c7de4d97
outputs/09_paper/captions/SFig3_terminal_frequency.md,199,d6e3b1366735429d906961bfcea46e22c41d6e1dcce324076e0bfde4a73ca65b
outputs/09_paper/captions/SFig4_expression_equivalence_clusters.md,230,1bd9548f70327ff62ee558714f77a664fd35ecbdff1bbd1363140ea3947343e9
outputs/09_paper/captions/SFig5_gp_convergence_by_fold.md,210,a57c175a2869711926d1df1470dfd8a56729972fdbfe530bbb2aee25ffa378f9
outputs/09_paper/captions/SFig6_final_refit_convergence.md,225,32d0ba18106889ae82fc8c00f8a39933580a780ef4b43cd2c7d75a3313e856d2
outputs/09_paper/captions/SFig7_gp_seedwise_score_distribution.md,230,e67728d5a29bc25abbcaa709b9a98c0b9e1cea6a38aa9e6af336c881246d0abe
outputs/09_paper/captions/STable10_gp_generation_traces.md,198,0c6a25cbf43789a8b7816989c5713c43a34eabd9fc7222c56031d57cabaa111a
outputs/09_paper/captions/STable11_gp_seedwise_lodo_and_final.md,211,32d17234c294b3c6db23fbef7e43d359ece1164ce414251c7038d24fe0d78080
outputs/09_paper/captions/STable12_gp_terminal_selection_lodo_and_final.md,229,1bb41be0782f806c8d83eae237c9700509b3a7075cbd29977adf4c5155eeeed4
outputs/09_paper/captions/STable1_all_single_measure_results.md,214,ef54746dd52b364994509825c7c3580d77541e6e16f85383ba4351b7ce2a3167
outputs/09_paper/captions/STable2_alpha_sensitivity.md,186,0a5caaaf01c984a9214fde1e17c54d0e000d6e293441c53622261b87fcf275e4
outputs/09_paper/captions/STable3_metric_weight_sensitivity.md,202,11ad0d7a6b956f532760b416ec078c4654e648f0db785420641febf72405db0e
outputs/09_paper/captions/STable4_gp_foldwise_results.md,203,e24e5f71e276297a5a1af449c8c1b125cb08246de38ef8baae7e9c15ca308945
outputs/09_paper/captions/STable5_composite_deduplication.md,213,34a62aa1679841edfef8ccb1d0453622f57e57391b037ce9587043a67b62b004
outputs/09_paper/captions/STable6_label_provenance_and_loo_disclosure.md,231,dfdd64488f60e14d6abf8531912856d9fa44372e59481cdf82086c84038fc3fe
outputs/09_paper/captions/STable7_rank_stability_summary.md,204,fdcb88b525cdb52cc41c4d6ef0e11c6e48ea71961423db9e7dc3d532de88e854
outputs/09_paper/captions/STable8_top_composites_10_metric_profile.md,225,a2c619f14f6bfdb306640f75365e87211e7053907faab4122150e56a29c80b23
outputs/09_paper/captions/STable9_gp_lodo_vs_final_refit.md,211,481f5b6a2470433e8b633ed9cafb4e4bd24c53d15a96620074042a314c364ea0
outputs/09_paper/captions/Table10_runtime_multi_resolution.md,204,9b965822b829636ad527b60d8e1167ba3354b706d769cecf0303471d99eadef8
outputs/09_paper/captions/Table11_optional_downstream_task.md,197,52fda8ddb421d090f1e6793bcf42d9051fa659f9fe2fc352516e916c54117676
outputs/09_paper/captions/Table12_final_generalized_composite.md,205,b85660e0701a453c2b463ec390715663179620c403558029cedc675595cc4ead
outputs/09_paper/captions/Table2_dataset_summary.md,166,97e22f705762aad0e8117a36f8f3de678c1a1e8ec9ccbfcbaa7d752bdac8c0a0
outputs/09_paper/captions/Table3_metric_definitions.md,182,8ea7559d81cda9a3c8f6ef95d6e91d92154ab92facf234204a4f6c0f531abb2e
outputs/09_paper/captions/Table4_metric_weights_and_alpha.md,193,0b582047ff63cd0afb7aa93732189704a9aa366b1f81eeb75621e0f08d5ef013
outputs/09_paper/captions/Table5_top10_single_rank_based.md,207,bf413f6b08f9a3dd40bcec54d1fd4537b1f51cd4ef3d9a35ef60963119cf852f
outputs/09_paper/captions/Table6_top10_single_value_based.md,220,32ea36f29d5081ee60f7d956842171fa913fa398f7898a5a9580249b9ec3fdd6
outputs/09_paper/captions/Table7_top10_composites_common_scoring.md,212,86e80f1c15132228e1723d669afba4385f88e7cc2b8e748d498a0ce2a6d16a94
outputs/09_paper/captions/Table8_true_vs_surrogate_label_split.md,223,69111ba49cc5919089ec815f2beb4ae128d80689b6f3894ab93394d114b9863b
outputs/09_paper/captions/Table9_equal_vs_stack_weighted_comparison.md,221,c7e928cee5d1f718047193eaa1d4bf86ca113a5b14a396424e95625502753a7d
outputs/09_paper/figures/main/Fig10_runtime_scaling.pdf,15866,4f30f6b73de5bb532da679443b0de248354708c06626a75103f53c27d37b4ed8
outputs/09_paper/figures/main/Fig10_runtime_scaling.png,253827,5bf90d0331543d2b9c57250d7bf13bd8fcf76471de98bcd30fd206b527eee342
outputs/09_paper/figures/main/Fig11_optional_downstream_task.pdf,12484,53cff38101ccb729e27ba908ab4499d49d447d6d29750c12efc52a8643aeaffb
outputs/09_paper/figures/main/Fig11_optional_downstream_task.png,106891,4399c2714c2456860937266fd73213c22f2112de2725918062bb756f116a6193
outputs/09_paper/figures/main/Fig12_lodo_vs_final_refit.pdf,14724,0af42c85e2f5bdb42b533bb88a697e918aa639e294b574070dd7e79e87087e37
outputs/09_paper/figures/main/Fig12_lodo_vs_final_refit.png,102569,9e7308ffcf23d80c1f279d05911ee99b2600477cf51f2dbefde4e0ad2c67006f
outputs/09_paper/figures/main/Fig1_pipeline_overview.pdf,21719,e1fb667dd0fa44e72149d33c6dfc1e9344f34eacefa273f2365c66f65c3c893f
outputs/09_paper/figures/main/Fig1_pipeline_overview.png,153296,4755eac9a1567d718107623c58d7444e30c2a6052abc98e5a9f9b90a4c3263e0
outputs/09_paper/figures/main/Fig2_single_measure_heatmap.pdf,20536,c9c6306582cb7f5054f43ea0be278fa6d12ecd458081ba22d94db7d753407f59
outputs/09_paper/figures/main/Fig2_single_measure_heatmap.png,257133,c2bc4c32cf6129f960247c6e4fa615f1d98ddb7a55de367c2ed7be69fbbb0877
outputs/09_paper/figures/main/Fig3_top_operator_bootstrap_ci.pdf,16967,11faa88f6967ff1754d0765e23abb90f7c0997b324f0c52695a695e86db62620
outputs/09_paper/figures/main/Fig3_top_operator_bootstrap_ci.png,150264,6e19a91c686d1c852bf6be07bef76798a45e52495c7eb42ecaffe8eda515c7bb
outputs/09_paper/figures/main/Fig4_resolution_sensitivity.pdf,20684,99038e3f7e5c5c809a0c17c4f86e3592f326dfc1885a83a5e91b90f642e387fa
outputs/09_paper/figures/main/Fig4_resolution_sensitivity.png,325641,702d4f564b677a352acb7a73093c2d3f651d883b807bb2599af5ee4adc01174c
outputs/09_paper/figures/main/Fig5_representative_single_focus_curves.pdf,20334,45578e5c97bfdbdeeaa8caffe31f39bc02eec29e0c2174320650820612488a18
outputs/09_paper/figures/main/Fig5_representative_single_focus_curves.png,732267,2623dc2bd79d8fb4d0f9900a22a4aedd2f4008bb48b7c1f9bbaf8d4dc5153061
outputs/09_paper/figures/main/Fig6_representative_composite_vs_single_curves.pdf,21330,b9e0c2a6a7369e5725d001c299d238136f69215d048e3d01519e6d8798a0d2e8
outputs/09_paper/figures/main/Fig6_representative_composite_vs_single_curves.png,974226,02d55701ede3ff2b236ab1e6207501e916e4fac5283d73bfa8721e24300360e6
outputs/09_paper/figures/main/Fig7_nemenyi_cd_overall_rank.pdf,20363,b4da2d0cdf49668bffe1e009f4edd2938c3ebd2ab1164fec305131554ac834e7
outputs/09_paper/figures/main/Fig7_nemenyi_cd_overall_rank.png,198418,7b8a3cfa16437d3b70c4e4bb3ac1aa7c91fe7d58762dcf4e63632aded00f3142
outputs/09_paper/figures/main/Fig8_nemenyi_cd_accuracy_rank.pdf,18777,37ad5c7763b5dc7f6b7346609f0a4652f5ce887cfa309a32a866b8429e05fb79
outputs/09_paper/figures/main/Fig8_nemenyi_cd_accuracy_rank.png,204879,f66103f212ca9d42ee126f15e96d5d72e73949eb12084c0e74dd4d41068d92b6
outputs/09_paper/figures/main/Fig9_gp_lodo_summary.pdf,13787,8f904c0a831600e36d48fa5d5f259c40ac146bb8a5f7e7f67286f3599d5059f7
outputs/09_paper/figures/main/Fig9_gp_lodo_summary.png,89723,eb05d8d3f693867eb0dc6bb7c483e3791ef56c9c5707f4f0300e3fbbc44ced09
outputs/09_paper/figures/supplementary/SFig1_dataset_specific_focus_curves.pdf,21495,cfbcbaf6244e2e545a9c7bead4c5cad07aa029af4955e0d57d26a886096371ca
outputs/09_paper/figures/supplementary/SFig1_dataset_specific_focus_curves.png,865701,0e35319a126598a208d845976e73f46eefd24199c0187cdbfc9a9d5ebb31d98a
outputs/09_paper/figures/supplementary/SFig2_gp_convergence.pdf,37306,ab610a3808060f74e0b497653c567b3e75539d4263ea3923271e00dc7a7c25b4
outputs/09_paper/figures/supplementary/SFig2_gp_convergence.png,741581,1be631a541a36b1f3b7760d68ba7cc535ea59488f1a22ddc5d7f7522359cdb91
outputs/09_paper/figures/supplementary/SFig3_terminal_frequency.pdf,17282,350621fde43a5a16ca696225a09ee3e0c8efc303a288e995add1fe61253c7ede
outputs/09_paper/figures/supplementary/SFig3_terminal_frequency.png,179376,a013cf360c29ba9e4cb418d1462af367c97539234fbc374c42d46988a43e0ca5
outputs/09_paper/figures/supplementary/SFig4_expression_equivalence_clusters.pdf,21588,5f65293f7fc0d3c52d3577da3f9bfdac24e168cea35d6ec1d629d06383568c5e
outputs/09_paper/figures/supplementary/SFig4_expression_equivalence_clusters.png,4536422,0fc50d2d5ac928d15fea6593fb256037c028c1aa67ea432e384f285c2a831416
outputs/09_paper/figures/supplementary/SFig5_gp_convergence_by_fold.pdf,24826,28b10493554fe64d99125aaf29c54760931e35d3dd43350660d639778c7baae8
outputs/09_paper/figures/supplementary/SFig5_gp_convergence_by_fold.png,310412,792c56e4058fc25d0e8cce53fb6f97bb029b9b2223acbc4dadd40840869fda80
outputs/09_paper/figures/supplementary/SFig6_final_refit_convergence.pdf,19312,76d69dadc74e01c786177c181e5f735da76a75e2e7ff2f93fab08f555cfef028
outputs/09_paper/figures/supplementary/SFig6_final_refit_convergence.png,253597,afb59d8f10f2dd7e19b6b89b897e286373b29f4f78acfb148303d91ccd3ab3c4
outputs/09_paper/figures/supplementary/SFig7_gp_seedwise_score_distribution.pdf,16952,7f797b877c06e44e84944d4053e1ff8dfdc3095939f4f4e62832bba16424c94d
outputs/09_paper/figures/supplementary/SFig7_gp_seedwise_score_distribution.png,119245,ce0dc0c89ed0e0cad504b2bf1eabf12c8cc4f69ae7669c154867c6d834135b39
outputs/09_paper/manifests/asset_index.json,36038,0a5b6d7fc9c19ce871675511b6bcbe1848a92436f4d3b2ead2d572c0d34851fb
outputs/09_paper/manifests/asset_index.md,2856,07d9e13e8410e6edccfee7e834c0e616c810c9d660e4628c83688fcebf36d783
outputs/09_paper/manifests/export_paper_assets.checkpoint.json,77349,cd9fa0caec4ef2f549fd6c3afcd74d0c2b64300cb2d5b88ecea4a63e9890e51d
outputs/09_paper/manifests/figure_manifest.json,12178,4cee08606886e75485588f3d324e892e4bf5b918af1a2dd27ba620bba6db18b9
outputs/09_paper/manifests/full_pipeline_summary.json,3864,e6049bae33664879090c7ae6b6a82c2dbfa613af1f0334c18d0267694d48ac8f
outputs/09_paper/manifests/optional_downstream_baseline.checkpoint.json,1612,188b6be0c6c7bde092deb7e6a4cf579ce7e2f40c9ed52a3e8d50e0f3c13e8e62
outputs/09_paper/manifests/optional_downstream_limitation.md,486,7d766d602a0f3a679283ea905adf34b54f350d487d93a6d5ab64a3befa9ed824
outputs/09_paper/manifests/optional_downstream_report.json,1395,33c62e07bafb16ea426957fa1b30ee15533863fa321ab0943ca99ddc2c3d77ed
outputs/09_paper/manifests/paper_export_summary.json,74485,df0b1411b458dcc537f98c9b5aa539d6eba8147cbb37e24382cef8c6b73034c8
outputs/09_paper/manifests/pipeline_resume_state.json,3134,ba5604989283107331a065f2b0c6f67674375726d70818dc02e565e6c4b12645
outputs/09_paper/manifests/publication_procedure_summary.json,3345,f01e56f2d53e29cd5320c2179c3d80a93e406a5123713cb81ca489650c052988
outputs/09_paper/manifests/table_manifest.json,15417,b000bf967a1e071f4d402cdf656f1fcc99d4c8937c97a07b7a95052071239a01
outputs/09_paper/tables/main/csv/Table10_runtime_multi_resolution.csv,1725,261a1f7b9d6467f7e0996819b3912d8791870e15db54761053566cdc02f5b0f3
outputs/09_paper/tables/main/csv/Table11_optional_downstream_task.csv,435,206d14a1da4ba1341d41a096d365bbebaecbd5d30584e24a72445d193a13bbef
outputs/09_paper/tables/main/csv/Table12_final_generalized_composite.csv,1159,1ee67bbb35e5f4e1e0c79998ff6c36c329c316467641083b1bb1f8e85a1c57ea
outputs/09_paper/tables/main/csv/Table2_dataset_summary.csv,290,6ff99ec1359d069a9d3037a60f1f5859cff408e2f7e8114570cd28753d75732b
outputs/09_paper/tables/main/csv/Table3_metric_definitions.csv,972,e8accb16821fc996e40a56e719670760e18afe37357ef28fbcd8a7b600533f8b
outputs/09_paper/tables/main/csv/Table4_metric_weights_and_alpha.csv,639,238f4f59918d2bc34ebfc4ec1387d0c82073f72640cfee7c5225f2f402a7ead2
outputs/09_paper/tables/main/csv/Table5_top10_single_rank_based.csv,1003,45f583aa9dd69223efd57a317a60fc00e024c8fda29b00683966183fafe499d9
outputs/09_paper/tables/main/csv/Table6_top10_single_value_based.csv,1113,00bc65fc2982f34df390092eb0ab88a807668c1eb90fac610701d0b756ff0e32
outputs/09_paper/tables/main/csv/Table7_top10_composites_common_scoring.csv,7062,159e7f870a95cdbd8c679de54991af1f6d5e05ce35681d4c603a025244366ee1
outputs/09_paper/tables/main/csv/Table8_true_vs_surrogate_label_split.csv,176,ef9c7ed2d7f3082a1b26f67ecd79a6fb68a3fe2f1ea6023f2451df6dc3a0477e
outputs/09_paper/tables/main/csv/Table9_equal_vs_stack_weighted_comparison.csv,1119,5b09418038afe640240a636ff2e4f0784fc368093fb043dd1f27cfa1f6302881
outputs/09_paper/tables/main/csv/Table_bootstrap_top10_single_rank_summary.csv,807,6ffbc261d37f819ff403300bbc6111608a1226f6f7a18ebd6d5f1b8fc8b999b9
outputs/09_paper/tables/main/csv/Table_friedman_and_cd_summary.csv,390,df7a2880a1aa3dec5222a6ef3894b7085c80bf0010f0203387e99fc8deacfaba
outputs/09_paper/tables/main/latex/Table10_runtime_multi_resolution.tex,2037,8758ddffad8763095dd53818a1482c907465b57fdcb6df09e4491b6b9f315ae8
outputs/09_paper/tables/main/latex/Table11_optional_downstream_task.tex,728,12ca3bfaf7341c0afa5062ecc727272be50a18c117548c812cde117b12e07fb1
outputs/09_paper/tables/main/latex/Table12_final_generalized_composite.tex,1468,f0a4924da700347c3f9d73ea427fceb7513c7b876ac8515cddcc82cdc9763a5d
outputs/09_paper/tables/main/latex/Table2_dataset_summary.tex,500,524c9f3061d647d3f9849f3a3ef3eff57e08e7c0865a8f24c656ce16b78bfdaf
outputs/09_paper/tables/main/latex/Table3_metric_definitions.tex,1231,c2c415c085ca8925606b2b4a032fb923fdf0844160941ff68426fe8f59e7e205
outputs/09_paper/tables/main/latex/Table4_metric_weights_and_alpha.tex,891,0eb2b6c3d92004cc2d836c6f343470c53575163f0558e93696c268326ca910a5
outputs/09_paper/tables/main/latex/Table5_top10_single_rank_based.tex,1316,7c2e7e996d1a2cf068025f5b7967b83851587f589fb312172e6073241c197627
outputs/09_paper/tables/main/latex/Table6_top10_single_value_based.tex,1448,c656e696d953896a95ae8e1d7bddf502c52f24b2db048b64d78ca8d73c826bfd
outputs/09_paper/tables/main/latex/Table7_top10_composites_common_scoring.tex,7677,9a3a70e5a34a032d139b7c55683c31fff72b270271f22c7bb2777d558ee9cf9b
outputs/09_paper/tables/main/latex/Table8_true_vs_surrogate_label_split.tex,385,4a3a76f2df98df80f53e8d2c534f9d5e6856a5318563cf07f6f247a5c9924bb8
outputs/09_paper/tables/main/latex/Table9_equal_vs_stack_weighted_comparison.tex,1455,239d07333276582f6429e97df985f3ad255b59926017d782f976244e11a3404a
outputs/09_paper/tables/main_csv/Table10_runtime_multi_resolution.csv,1725,261a1f7b9d6467f7e0996819b3912d8791870e15db54761053566cdc02f5b0f3
outputs/09_paper/tables/main_csv/Table11_optional_downstream_task.csv,435,206d14a1da4ba1341d41a096d365bbebaecbd5d30584e24a72445d193a13bbef
outputs/09_paper/tables/main_csv/Table12_final_generalized_composite.csv,1159,1ee67bbb35e5f4e1e0c79998ff6c36c329c316467641083b1bb1f8e85a1c57ea
outputs/09_paper/tables/main_csv/Table2_dataset_summary.csv,290,6ff99ec1359d069a9d3037a60f1f5859cff408e2f7e8114570cd28753d75732b
outputs/09_paper/tables/main_csv/Table3_metric_definitions.csv,972,e8accb16821fc996e40a56e719670760e18afe37357ef28fbcd8a7b600533f8b
outputs/09_paper/tables/main_csv/Table4_metric_weights_and_alpha.csv,639,238f4f59918d2bc34ebfc4ec1387d0c82073f72640cfee7c5225f2f402a7ead2
outputs/09_paper/tables/main_csv/Table5_top10_single_rank_based.csv,1003,45f583aa9dd69223efd57a317a60fc00e024c8fda29b00683966183fafe499d9
outputs/09_paper/tables/main_csv/Table6_top10_single_value_based.csv,1113,00bc65fc2982f34df390092eb0ab88a807668c1eb90fac610701d0b756ff0e32
outputs/09_paper/tables/main_csv/Table7_top10_composites_common_scoring.csv,7062,159e7f870a95cdbd8c679de54991af1f6d5e05ce35681d4c603a025244366ee1
outputs/09_paper/tables/main_csv/Table8_true_vs_surrogate_label_split.csv,176,ef9c7ed2d7f3082a1b26f67ecd79a6fb68a3fe2f1ea6023f2451df6dc3a0477e
outputs/09_paper/tables/main_csv/Table9_equal_vs_stack_weighted_comparison.csv,1119,5b09418038afe640240a636ff2e4f0784fc368093fb043dd1f27cfa1f6302881
outputs/09_paper/tables/main_csv/Table_bootstrap_top10_single_rank_summary.csv,807,6ffbc261d37f819ff403300bbc6111608a1226f6f7a18ebd6d5f1b8fc8b999b9
outputs/09_paper/tables/main_csv/Table_friedman_and_cd_summary.csv,390,df7a2880a1aa3dec5222a6ef3894b7085c80bf0010f0203387e99fc8deacfaba
outputs/09_paper/tables/main_latex/Table10_runtime_multi_resolution.tex,2037,8758ddffad8763095dd53818a1482c907465b57fdcb6df09e4491b6b9f315ae8
outputs/09_paper/tables/main_latex/Table11_optional_downstream_task.tex,728,12ca3bfaf7341c0afa5062ecc727272be50a18c117548c812cde117b12e07fb1
outputs/09_paper/tables/main_latex/Table12_final_generalized_composite.tex,1468,f0a4924da700347c3f9d73ea427fceb7513c7b876ac8515cddcc82cdc9763a5d
outputs/09_paper/tables/main_latex/Table2_dataset_summary.tex,500,524c9f3061d647d3f9849f3a3ef3eff57e08e7c0865a8f24c656ce16b78bfdaf
outputs/09_paper/tables/main_latex/Table3_metric_definitions.tex,1231,c2c415c085ca8925606b2b4a032fb923fdf0844160941ff68426fe8f59e7e205
outputs/09_paper/tables/main_latex/Table4_metric_weights_and_alpha.tex,891,0eb2b6c3d92004cc2d836c6f343470c53575163f0558e93696c268326ca910a5
outputs/09_paper/tables/main_latex/Table5_top10_single_rank_based.tex,1316,7c2e7e996d1a2cf068025f5b7967b83851587f589fb312172e6073241c197627
outputs/09_paper/tables/main_latex/Table6_top10_single_value_based.tex,1448,c656e696d953896a95ae8e1d7bddf502c52f24b2db048b64d78ca8d73c826bfd
outputs/09_paper/tables/main_latex/Table7_top10_composites_common_scoring.tex,7677,9a3a70e5a34a032d139b7c55683c31fff72b270271f22c7bb2777d558ee9cf9b
outputs/09_paper/tables/main_latex/Table8_true_vs_surrogate_label_split.tex,385,4a3a76f2df98df80f53e8d2c534f9d5e6856a5318563cf07f6f247a5c9924bb8
outputs/09_paper/tables/main_latex/Table9_equal_vs_stack_weighted_comparison.tex,1455,239d07333276582f6429e97df985f3ad255b59926017d782f976244e11a3404a
outputs/09_paper/tables/supplementary/csv/STable10_gp_generation_traces.csv,2176331,45b191ca9c90cc5b4fe339367beb8c5d6b461cd842ef0efeb985a22bdce0322f
outputs/09_paper/tables/supplementary/csv/STable11_gp_seedwise_lodo_and_final.csv,43032,fe251ae6354098c2d9e5f2039fe7e2aae92f4cee6fea1537c959b1af44db3845
outputs/09_paper/tables/supplementary/csv/STable12_gp_terminal_selection_lodo_and_final.csv,6490,d16bbf82be6f69e66e3e672770b36be2cff3bdf2fd08c7558b2ec8ddd0acdf5d
outputs/09_paper/tables/supplementary/csv/STable1_all_single_measure_results.csv,2166,c2bdace17eec0a9c91bcaaa3d39cf0743ff5a70234205bd6cd048f038c14c894
outputs/09_paper/tables/supplementary/csv/STable2_alpha_sensitivity.csv,977,d1a2672ebc74257e007d7860a9f0c08271b34901b189f7deb040b8a7650f9dff
outputs/09_paper/tables/supplementary/csv/STable3_metric_weight_sensitivity.csv,431,c01ff2f74b4cfa6a72cc463f057074d4a41f659092d0351fb119463e88290521
outputs/09_paper/tables/supplementary/csv/STable4_gp_foldwise_results.csv,3086,65d37117d0a13cf5929fbac5e3b08c12802b1869615009dbb8265506b52e9882
outputs/09_paper/tables/supplementary/csv/STable5_composite_deduplication.csv,4322,de68d4a1b409cc492e07da00ccb2385e185f7fb7faa422b048384d242938ffa8
outputs/09_paper/tables/supplementary/csv/STable6_label_provenance_and_loo_disclosure.csv,2102,c181d924a392ed086d842daa6a8ea62c5a047cb8ef7c6c6c7bfde8b6d5136171
outputs/09_paper/tables/supplementary/csv/STable7_rank_stability_summary.csv,1639,5adcf87e774d0128048457cfa32a62bba8deedb5363c30be8608f9fcb0f6c8ea
outputs/09_paper/tables/supplementary/csv/STable8_top_composites_10_metric_profile.csv,7717,0da59181244311759273a3398fe12b4f4174c93ab9cb16ff47585507c6f1d239
outputs/09_paper/tables/supplementary/csv/STable9_gp_lodo_vs_final_refit.csv,4063,1e4e0c59d3be0da685f5a46195fd4a2dc67adb75690bc59541ff67ec473c12e3
outputs/09_paper/tables/supplementary/csv/STable_bootstrap_all_single_rank_summary.csv,2952,dce9eeba5c8e0d9d5d965b82ea586df6c5088b1b6fbea373e5e99ecaf020f934
outputs/09_paper/tables/supplementary/latex/STable10_gp_generation_traces.tex,5339,0b3e7295b1209bb330db970c2a267b181c00007c31c0a9b175a9de64e9694079
outputs/09_paper/tables/supplementary/latex/STable11_gp_seedwise_lodo_and_final.tex,11559,64ca761e1af3d7e70388744413f21298b25081b091fa0b8d85ed78cac1771907
outputs/09_paper/tables/supplementary/latex/STable12_gp_terminal_selection_lodo_and_final.tex,2311,488560a03266b2ffa742b0d4c02fe91953cef02c914b8f7e309f27892b752deb
outputs/09_paper/tables/supplementary/latex/STable1_all_single_measure_results.tex,1401,26b07e2a19ca6a3598bbdc76c7a9155e709970f1ab81b5e28425dd004c9ef1a6
outputs/09_paper/tables/supplementary/latex/STable2_alpha_sensitivity.tex,1159,86c2492b78fce0d242420486ef27afdafb5cfe706453f44382a1115c8c647c4e
outputs/09_paper/tables/supplementary/latex/STable3_metric_weight_sensitivity.tex,599,c94930876bd072be71f25d731a363486a24e85cca894ff2f68258b0abd306dea
outputs/09_paper/tables/supplementary/latex/STable4_gp_foldwise_results.tex,3449,bf9b8799a0c523d15bffa1f321623a9a9bdc28367e6355ca6e65b861d4a5317b
outputs/09_paper/tables/supplementary/latex/STable5_composite_deduplication.tex,4821,49c80693898346b9c8f1b6cadda80aa0f178db2649aaeb774d7b6d12d1f464b9
outputs/09_paper/tables/supplementary/latex/STable6_label_provenance_and_loo_disclosure.tex,2538,d0899ba6dee6e77d9e1909ff4819c6aeac4bc05d4dfd89a00c1aed8d59549b41
outputs/09_paper/tables/supplementary/latex/STable7_rank_stability_summary.tex,2157,9ac63b26d240c96b8d0d1d74ea6e8dd2a6a13ca3c66a2cd73fbcfd9cc0711539
outputs/09_paper/tables/supplementary/latex/STable8_top_composites_10_metric_profile.tex,8666,f887433d2d04d947fb465b89d4837634f1aadb811e781e01c89e96ceaa152cce
outputs/09_paper/tables/supplementary/latex/STable9_gp_lodo_vs_final_refit.tex,4569,4b94c68065277897119cc662be1154acc93752a243856ef69bf13e1d40d6a309
outputs/09_paper/tables/supplementary_csv/STable10_gp_generation_traces.csv,2176331,45b191ca9c90cc5b4fe339367beb8c5d6b461cd842ef0efeb985a22bdce0322f
outputs/09_paper/tables/supplementary_csv/STable11_gp_seedwise_lodo_and_final.csv,43032,fe251ae6354098c2d9e5f2039fe7e2aae92f4cee6fea1537c959b1af44db3845
outputs/09_paper/tables/supplementary_csv/STable12_gp_terminal_selection_lodo_and_final.csv,6490,d16bbf82be6f69e66e3e672770b36be2cff3bdf2fd08c7558b2ec8ddd0acdf5d
outputs/09_paper/tables/supplementary_csv/STable1_all_single_measure_results.csv,2166,c2bdace17eec0a9c91bcaaa3d39cf0743ff5a70234205bd6cd048f038c14c894
outputs/09_paper/tables/supplementary_csv/STable2_alpha_sensitivity.csv,977,d1a2672ebc74257e007d7860a9f0c08271b34901b189f7deb040b8a7650f9dff
outputs/09_paper/tables/supplementary_csv/STable3_metric_weight_sensitivity.csv,431,c01ff2f74b4cfa6a72cc463f057074d4a41f659092d0351fb119463e88290521
outputs/09_paper/tables/supplementary_csv/STable4_gp_foldwise_results.csv,3086,65d37117d0a13cf5929fbac5e3b08c12802b1869615009dbb8265506b52e9882
outputs/09_paper/tables/supplementary_csv/STable5_composite_deduplication.csv,4322,de68d4a1b409cc492e07da00ccb2385e185f7fb7faa422b048384d242938ffa8
outputs/09_paper/tables/supplementary_csv/STable6_label_provenance_and_loo_disclosure.csv,2102,c181d924a392ed086d842daa6a8ea62c5a047cb8ef7c6c6c7bfde8b6d5136171
outputs/09_paper/tables/supplementary_csv/STable7_rank_stability_summary.csv,1639,5adcf87e774d0128048457cfa32a62bba8deedb5363c30be8608f9fcb0f6c8ea
outputs/09_paper/tables/supplementary_csv/STable8_top_composites_10_metric_profile.csv,7717,0da59181244311759273a3398fe12b4f4174c93ab9cb16ff47585507c6f1d239
outputs/09_paper/tables/supplementary_csv/STable9_gp_lodo_vs_final_refit.csv,4063,1e4e0c59d3be0da685f5a46195fd4a2dc67adb75690bc59541ff67ec473c12e3
outputs/09_paper/tables/supplementary_csv/STable_bootstrap_all_single_rank_summary.csv,2952,dce9eeba5c8e0d9d5d965b82ea586df6c5088b1b6fbea373e5e99ecaf020f934
outputs/09_paper/tables/supplementary_latex/STable10_gp_generation_traces.tex,5339,0b3e7295b1209bb330db970c2a267b181c00007c31c0a9b175a9de64e9694079
outputs/09_paper/tables/supplementary_latex/STable11_gp_seedwise_lodo_and_final.tex,11559,64ca761e1af3d7e70388744413f21298b25081b091fa0b8d85ed78cac1771907
outputs/09_paper/tables/supplementary_latex/STable12_gp_terminal_selection_lodo_and_final.tex,2311,488560a03266b2ffa742b0d4c02fe91953cef02c914b8f7e309f27892b752deb
outputs/09_paper/tables/supplementary_latex/STable1_all_single_measure_results.tex,1401,26b07e2a19ca6a3598bbdc76c7a9155e709970f1ab81b5e28425dd004c9ef1a6
outputs/09_paper/tables/supplementary_latex/STable2_alpha_sensitivity.tex,1159,86c2492b78fce0d242420486ef27afdafb5cfe706453f44382a1115c8c647c4e
outputs/09_paper/tables/supplementary_latex/STable3_metric_weight_sensitivity.tex,599,c94930876bd072be71f25d731a363486a24e85cca894ff2f68258b0abd306dea
outputs/09_paper/tables/supplementary_latex/STable4_gp_foldwise_results.tex,3449,bf9b8799a0c523d15bffa1f321623a9a9bdc28367e6355ca6e65b861d4a5317b
outputs/09_paper/tables/supplementary_latex/STable5_composite_deduplication.tex,4821,49c80693898346b9c8f1b6cadda80aa0f178db2649aaeb774d7b6d12d1f464b9
outputs/09_paper/tables/supplementary_latex/STable6_label_provenance_and_loo_disclosure.tex,2538,d0899ba6dee6e77d9e1909ff4819c6aeac4bc05d4dfd89a00c1aed8d59549b41
outputs/09_paper/tables/supplementary_latex/STable7_rank_stability_summary.tex,2157,9ac63b26d240c96b8d0d1d74ea6e8dd2a6a13ca3c66a2cd73fbcfd9cc0711539
outputs/09_paper/tables/supplementary_latex/STable8_top_composites_10_metric_profile.tex,8666,f887433d2d04d947fb465b89d4837634f1aadb811e781e01c89e96ceaa152cce
outputs/09_paper/tables/supplementary_latex/STable9_gp_lodo_vs_final_refit.tex,4569,4b94c68065277897119cc662be1154acc93752a243856ef69bf13e1d40d6a309
outputs/10_review_response_computations/README.md,883,9ede034b8fc03a0c29b8618b8f14bfb33053472947bc7a789824c75155a4b094
outputs/10_review_response_computations/cfm4_diagnostics/FigS10_cfm4_vs_ftsi_diagnostics.pdf,18675,2ad4c07debcd0e58cb50abe579ff49f20d943f87fbddba08c63dac90eb5d7706
outputs/10_review_response_computations/cfm4_diagnostics/FigS10_cfm4_vs_ftsi_diagnostics.png,250650,c3cd876cb785681d3b98eed4b083a9023d0aadc48597f601e2b43f1ef8938090
outputs/10_review_response_computations/cfm4_diagnostics/cfm4_bg_gse_sign_incidence_by_dataset.csv,661,167babcb9450db0387c02c66f248727f30fae354c08102c1a157661a51b100d8
outputs/10_review_response_computations/cfm4_diagnostics/cfm4_diagnostic_interpretation.md,1441,eda30e5369123ce76fe47ffec4f5ecc0f69937f90303f0ac5668aa6cb03b9cf9
outputs/10_review_response_computations/cfm4_diagnostics/cfm4_vs_ftsi_curve_similarity_by_dataset.csv,850,b8c27c16f112ea1bab7dace7541f00297cbf6ed75b963bd72507d5eb2b345723
outputs/10_review_response_computations/cfm4_diagnostics/cfm4_vs_ftsi_metric_comparison.csv,372,71c34f14aaba7b27b4ab7d3849f269191759ec569192a224e59904e8bc105710
outputs/10_review_response_computations/cfm4_diagnostics/cfm4_vs_ftsi_peak_agreement_by_dataset.csv,448,d56911117f1f1a68b6204b5766cace6d2ecd4ee9bfb0e5f64cc306f074a7b263
outputs/10_review_response_computations/gp_audit/composite_fold_origin_interpretation.md,555,7959463cf08aa217f4caa745e13d67eff035a41b14f5e46f40c82924e8a752f1
outputs/10_review_response_computations/gp_audit/composite_fold_origin_table.csv,5298,440ef50055b096176d9c7929b055ec935650465d3af45f3d8285820ac6788844
outputs/10_review_response_computations/gp_audit/composite_fold_origin_table_latex.tex,792,2798db35fdfc16ff2d1f941a6d3ffca2a69228aeed1a30266236fe1c1289d3cb
outputs/10_review_response_computations/gp_audit/gp_hyperparameter_audit.csv,10486,6a5839ea7eb181797c8d94b0656a178933d3719496839bdd92a77a2281ca8679
outputs/10_review_response_computations/gp_audit/gp_hyperparameter_consistency.json,1025,19288084ca5d0b0465d87ca42a3a8b0d2cb59ed4b885e3cd0d238584b49ff31a
outputs/10_review_response_computations/gp_audit/gp_hyperparameter_manuscript_text.md,677,5cc482df39d1b6c04ec16a0c969db0a438a7e8986b993bcbccb8729dac0b2ad7
outputs/10_review_response_computations/gradient_free_voter_sensitivity/FigS9_gradient_free_voter_sensitivity.pdf,23733,d82012192ca5f3351e2dfc88e8005a399a61b0a02ec7f3113e08c614d0fbc8d8
outputs/10_review_response_computations/gradient_free_voter_sensitivity/FigS9_gradient_free_voter_sensitivity.png,408492,c3b09371107b25cbdac599392e095aa68e0f062d070d91df37363b961a6b021b
outputs/10_review_response_computations/gradient_free_voter_sensitivity/gradient_free_dataset_metric_raw.json,85514,36ac3c0c459d55052e4b489aecefc636f6002e6ca8a43edb3c063fdc31c852d3
outputs/10_review_response_computations/gradient_free_voter_sensitivity/gradient_free_interpretation.md,1270,95b7935dc12f985a964647b59295b2fc965b825cb9390c78790c3439549b4b11
outputs/10_review_response_computations/gradient_free_voter_sensitivity/gradient_free_label_agreement.csv,343,c09a03f93cdc9593155d47eeac434a444c062d6e4095336e16d812de504d3cb7
outputs/10_review_response_computations/gradient_free_voter_sensitivity/gradient_free_rank_based_summary.csv,2964,114be3ee2641f94928e543d40c1caa9bcdfab67157239b167370cc87af26cf0e
outputs/10_review_response_computations/gradient_free_voter_sensitivity/gradient_free_single_measure_dataset_metrics.csv,37691,f127f3e9250e69a43863f225407f93a8c662bc97309fdecbaa2372f56cedf25b
outputs/10_review_response_computations/gradient_free_voter_sensitivity/gradient_free_top10_comparison.csv,2767,d79d86cce4023b2a11c085472e998d0bcf175f00aa9fd911e86771d3b8082a66
outputs/10_review_response_computations/gradient_free_voter_sensitivity/gradient_free_value_based_summary_equal_dataset.csv,3342,571a1e3ae839435b9ab25660ad8e2ec3d23c4f3b6173a8aec35dd485503b99aa
outputs/10_review_response_computations/gradient_free_voter_sensitivity/gradient_free_voter_peak_distribution.csv,1564,4416d8c7a3438a0fcc0a5d1622ba70ad8a04aa3724f5abe1f6deae13e6b52d96
outputs/10_review_response_computations/gradient_free_voter_sensitivity/gradient_free_vs_original_rank_delta.csv,1641,72d273f24d56aa94bc1cdc072a82e522582b3a2cdf7d179c4e4a347c42c071dc
outputs/10_review_response_computations/gradient_free_voter_sensitivity/labels/BMA_gradient_free_labels.npy,432,74f1e495da725911ae98673cc5c5c92f63e18bd001b06443ef121f4750a759eb
outputs/10_review_response_computations/gradient_free_voter_sensitivity/labels/PBS_gradient_free_labels.npy,744,a449a265135ddfc851d12cc2e15ae8139e6cbd1d6bac8098dbd476f65b8173af
outputs/10_review_response_computations/gradient_free_voter_sensitivity/labels/TBF_gradient_free_labels.npy,1584,d5e94facf70664cf61a7c95989c9ba4035fc89ee572fb6eb347d71ba6e1efb80
outputs/10_review_response_computations/gradient_free_voter_sensitivity/labels/TBI_gradient_free_labels.npy,368,d7c30c13b4193e2a5237b958bbb9d734a51155cc5dac67acdc93f98eb0e748aa
outputs/10_review_response_computations/gradient_free_voter_sensitivity/labels/WBC_gradient_free_labels.npy,206312,ff5632ac6d3d5eeefc597bd4c803f533ce8aaff671fc33e8369da4bb36930b99
outputs/10_review_response_computations/manuscript_insert_text/review_response_results_summary.md,2557,10c199ac65b9435b4f5a7d6cd56290dfee84d78b9b6af518e30a7d70e1986d1a
outputs/10_review_response_computations/review_response_manifest.json,22901,d820f9c356960bbdd0960f413a4b01af999e2e4606278f1dede260169e9b1715
outputs/10_review_response_computations/run_review_response_computations.py,60301,f6b27982adbbca8647d177db1d6c44e802dfa3d992de7f1cae67bf9f5962022c
outputs/10_review_response_computations/runtime_weight_sensitivity/FigS11_runtime_weight_sensitivity.pdf,20757,7b4216420817c3b24d480afe6bd1dae6648c968469dc7b93b82dc713be43c5af
outputs/10_review_response_computations/runtime_weight_sensitivity/FigS11_runtime_weight_sensitivity.png,213504,f16a8302dbaa4199f9c40cfa47232503e32e861de3e95c23a3a1bb8081b42475
outputs/10_review_response_computations/runtime_weight_sensitivity/runtime_weight_interpretation.md,728,04422a3acd3cbf4483d20a4da0fabf574620f50bc3d8eb685b90c16d420bbd9f
outputs/10_review_response_computations/runtime_weight_sensitivity/runtime_weight_sensitivity_single.csv,14054,b8f0ed7e79c0e1036471f6229b280d5f0d5db9a105d9393621bc059796401c38
outputs/10_review_response_computations/runtime_weight_sensitivity/runtime_weight_sensitivity_summary.csv,1950,8007ab614ea18a2e8c7f78a2d9e7d85c9e1ea69bd8839b33bdbfb5511c05bcf7
outputs/10_review_response_computations/runtime_weight_sensitivity/runtime_weight_sensitivity_union.csv,19182,4f1969a2460beeb1676a1d7d6686784e3c9b2c6905424bfb3692e46dfd7fdf3b
outputs/10_review_response_computations/supplementary_methods/formal_metric_definitions.md,2452,cf79af9b80f30a545dc90442c2106269614caf0f2f0368baa3918955c227b317
outputs/README.md,335,7062ba59a0874f911c57a1e7102b62679a1f75e8d8563b9dd4e98dc911621543
requirements.txt,219,0899a0e4ec55a9e04b2f5d63af9b548585aa34ccca57853cbc9baa6172dd7e39
scripts/00_inventory_repo.py,18418,d5822bc79404461fe4dc9cdf5553ab04de75da46eae64f402d1e6de4a57312f0
scripts/01_build_stacks.py,4902,5728ce4a49d103a5a21260175fd976a1d20f5898681e412ae957f8a72180d774
scripts/02_build_reference_labels.py,12017,b166ece5580604d95f1f7d501597ce9b126b270a8dbd43aacec593e4de765126
scripts/03_run_single_measure_benchmark.py,8097,441da6f8bb489dcd2360daa753034218d9434c442aced99da16c0d1ba30b9d35
scripts/04_evaluate_single_measures.py,24576,cf67ee9764f9a87ded4c4e61f0f51a216b4f62eb27147adc86e8db423ca0e978
scripts/05_plot_single_measure_results.py,8495,bbe11f467033b4e5a38d4dc793c27c380f3bf3b14193f0071fb59039b7d9fbb4
scripts/06_run_composite_gp_lodo.py,30204,bf1f0660660fa2585766d19e014f6386b9b0abbe145f1ccbe335feba13dd6ed8
scripts/07_evaluate_composites.py,18234,afa22d86c618b9f8e6fbe8aa1547705242ca2b4ab18e4c84d10ab3762f629da7
scripts/08_run_statistics_and_sensitivity.py,18458,9385a61c6d83a317f42f0bd927cdc0d10ce483b3e551640b3e3e110a3dd44d51
scripts/09_optional_downstream_baseline.py,24160,868154ccd370b9d4bc7cdeda36f2a1a00b897239ae27189687900b8e26f64e81
scripts/10_export_paper_assets.py,68257,80fd9fb043c7be86ec2d62cdacddbaa8253fab44e1570df9f8cef78c6e6cc2e1
scripts/11_run_full_pipeline.py,28873,30bcaa37ec87fcaf7d5e6847e00efcd536a07cdcba4d2bad7226253f87464e26
src/__init__.py,56,32f798d579d1c83c8b05b9c2b02f39762dd5246af3f575179a61022d52a4ac93
src/evaluation/__init__.py,2177,e3e9dbdd113e4c1fbf1ccab89b55478f0f4afef0981147d1a9f0a969bb5c72b3
src/evaluation/aggregation.py,8485,f12ade9b3a9b85863341f6d65072fb137855b891565dd4eb64241ba4631f4645
src/evaluation/autofocus_metrics.py,10260,239aa0eb82d08efc2fbc81df5208ea3f6ccaa9b31ae3d07689bb75ecb53e4d1c
src/evaluation/publication.py,13023,c5a9754c2cfe9f7b631e38e9b0625b548e0576a4a8299bed8e57514abf86d529
src/evaluation/sensitivity.py,7771,76d339bb29eb46222b02715d4c45c93f5d1a66975f428906e37f491b59f83978
src/evaluation/statistics.py,7082,af515ea1bc8369ccb4c1b71789ad72b8669f460c665b862bb43540c9a6e67f6d
src/gp/__init__.py,1727,79c408c7ac582f74c2e239ea0cd231e4380b6a28d6c9e621bba296dec2846454
src/gp/baselines.py,4006,a1e2f97e03218462ab371783e85095244392ed20348ed942c060e2c43bda748a
src/gp/deap_search.py,52642,ee92de28e969ec83fdd8b647a7ee31fc1dab8c73de12bac331d8c91765a3cbda
src/gp/deduplication.py,2474,dc273de097eaf2c0c0e689f49a8c8418d7129d4054d794b2197804a5619fa020
src/gp/lodo_runner.py,2924,8df846fff27c262814170f87c9f42ba1b44b6774c902fe99dde67a467001386b
src/gp/terminal_selection.py,13094,26d160bc5f430875edff157a4b0d05fc470891b9c36c689fbcb845de51d5b883
src/io/__init__.py,919,3f649f033d16d7049cd9e61c98a08f18067868f2cb5b024151ff16196415d3e3
src/io/dataset_loader.py,6305,1dfb7af2d145ba40275abe5a525b80cf509008a6538cf8741bf1b47910908ac6
src/io/metadata.py,3465,dbe005241975edbaac45af2b80e26e42c004521960e94416eccd8d4d9f830ec0
src/io/stack_builder.py,5595,4f5f7f2ceeedb1c8472a1ba7fe3ab94f9fb4440d03c74f99e439a53360970898
src/labels/__init__.py,1079,dcd312ce6600ffc47e3522c3746d174f29dc7b14a1d4babc2ce250db9b96d82b
src/labels/loo_voting.py,2659,4b06ee39227349921426759ff6f4c89a7e72e6720daefc9db5d0268f33dabb39
src/labels/source_labels.py,13545,88f9e8d9d6f6decedfa1ad05937951afd55244d5058569ac8fae73a741d462ae
src/labels/surrogate_labels.py,6276,de0c3f76163b73a5d32588414c2958b00d3aefab58f329c679b5da391a7de7f9
src/measures/__init__.py,205,8a383d9728f08ccf67582ca679f7056e146e06cb26a0f71114a712770aad4825
src/measures/focus_measure_library.py,21993,6b3c187a21754b9fd0ca524202613139275d60bd83bc2ca5e6cce97f57e91ea8
src/plots/__init__.py,1037,3ed8b4a36b918fd4ff7eeeb7a51ffc83303dc90959050a6686fd8e12eeb238be
src/plots/benchmark_figures.py,3576,75ef4d82f3f47b56955a05529ae1ddbf708f68241ec5c4d75499989e8926c395
src/plots/composite_figures.py,20675,40ed55b50bdc09810d5ab6f623c1c8b90ff404fb8fd566215b30b56e06a94565
src/plots/focus_curves.py,8433,840a549ba9c8d69c25dff27fc098a0a2bf10657645634bdb7e6e6926e0b5eacf
src/plots/runtime_figures.py,3116,d325b896b96a5ee12423fa14c5340d7224ee59ce381126bb3723cb93c61e4df7
src/utils/__init__.py,177,c403f9a9b2985d5426969d7d5f7375cdf3e80006ea26c0d85de54d2fff3e507e
src/utils/logging_utils.py,1574,2c2b988e95f4b6ba3a0b873563f6efa18f0d4c5c66902232bc5e19e3afca17d6
src/utils/seeds.py,955,3fc7b5fe23c492790cf404f58513395e5dc0e39fd2aff2ad6c7b9b25e660ec50
src/utils/validation.py,9438,6673870e6a298a6d358f85156b5b8e1f0935f5f09743e0186b48c8c94026bb58
tools/rebuild_release_metadata.py,2929,37e7f4a3b46d5dc8613fc94c2a0bc0806bbc5ea7e3543d80ae80dd788515d6ea
tools/review_response/run_review_response_computations.py,60301,f6b27982adbbca8647d177db1d6c44e802dfa3d992de7f1cae67bf9f5962022c
tools/validate_release.py,2478,141719edf2da7687ac6eb220d13b4855cc1c64a4ad2ffb7c748ce0428a2bb25b
